id_code,day,flexibility,car_availability,driver_license,car_type,bike_availability,bike_km,pendlerkort,walk_km,morning_origin,morning_loc_stop1,morning_stop1_reason,morning_loc_stop2,morning_stop2_reason,morning_loc_stop3,morning_stop3_reason,morning_loc_stop4,morning_stop4_reason,morning_destination,arrival_time_work,evening_origin,evening_loc_stop1,evening_stop1_reason,evening_loc_stop2,evening_stop2_reason,evening_loc_stop3,evening_stop3_reason,evening_loc_stop4,evening_stop4_reason,departure_time_work,evening_destination,mode,tour_total_distance_km_walking,tour_total_duration_min_walking,tour_total_distance_km_cycling,tour_total_duration_min_cycling,tour_total_distance_km_driving,tour_total_duration_min_driving,tour_total_distance_km_transit,tour_total_duration_min_transit,km_cost_transit,tour_total_distance_km_driving_reschedule,tour_total_duration_min_driving_reschedule,possible_modes,tour_total_CO2_kg_walking,tour_total_token_walking,tour_total_CO2_kg_cycling,tour_total_token_cycling,tour_total_CO2_kg_transit,tour_total_token_transit,tour_total_CO2_kg_driving_reschedule,tour_total_token_driving_reschedule,tour_total_CO2_kg_driving,tour_total_token_driving,tour_total_CO2_kg_base_mode,tour_total_token_base_mode,tour_total_token_max,rating_cycling,rating_transit,rating_driving_reschedule,rating_driving,early_buffer,flexibility_factor,vot_driving,msc_driving,tour_total_cost_driving,vot_driving_reschedule,msc_driving_reschedule,tour_total_cost_driving_reschedule,vot_cycling,msc_cycling,tour_total_cost_cycling,vot_transit,msc_transit,tour_total_cost_transit,vot_walking,msc_walking,tour_total_cost_walking,tour_total_cost_base_mode,cost_ratio_reschedule_driving,cost_ratio_base_driving,day_number,variation_reason_II_1_1,variation_reason_II_1_2,variation_reason_II_1_3,variation_reason_II_1_4,variation_reason_II_1_5,variation_reason_II_2_1,variation_reason_II_2_2,variation_reason_II_2_3,variation_reason_II_2_4,variation_reason_II_2_5,variation_reason_III_1_1,variation_reason_III_1_2,variation_reason_III_1_3,variation_reason_III_1_4,variation_reason_III_1_5,variation_reason_III_2_1,variation_reason_III_2_2,variation_reason_III_2_3,variation_reason_III_2_4,variation_reason_III_2_5,tour_total_cost_walking_vary_II_1_1,tour_total_cost_cycling_vary_II_1_1,tour_total_cost_transit_vary_II_1_1,tour_total_cost_driving_vary_II_1_1,tour_total_cost_driving_reschedule_vary_II_1_1,tour_total_cost_walking_vary_II_1_2,tour_total_cost_cycling_vary_II_1_2,tour_total_cost_transit_vary_II_1_2,tour_total_cost_driving_vary_II_1_2,tour_total_cost_driving_reschedule_vary_II_1_2,tour_total_cost_walking_vary_II_1_3,tour_total_cost_cycling_vary_II_1_3,tour_total_cost_transit_vary_II_1_3,tour_total_cost_driving_vary_II_1_3,tour_total_cost_driving_reschedule_vary_II_1_3,tour_total_cost_walking_vary_II_1_4,tour_total_cost_cycling_vary_II_1_4,tour_total_cost_transit_vary_II_1_4,tour_total_cost_driving_vary_II_1_4,tour_total_cost_driving_reschedule_vary_II_1_4,tour_total_cost_walking_vary_II_1_5,tour_total_cost_cycling_vary_II_1_5,tour_total_cost_transit_vary_II_1_5,tour_total_cost_driving_vary_II_1_5,tour_total_cost_driving_reschedule_vary_II_1_5,tour_total_cost_walking_vary_II_2_1,tour_total_cost_cycling_vary_II_2_1,tour_total_cost_transit_vary_II_2_1,tour_total_cost_driving_vary_II_2_1,tour_total_cost_driving_reschedule_vary_II_2_1,tour_total_cost_walking_vary_II_2_2,tour_total_cost_cycling_vary_II_2_2,tour_total_cost_transit_vary_II_2_2,tour_total_cost_driving_vary_II_2_2,tour_total_cost_driving_reschedule_vary_II_2_2,tour_total_cost_walking_vary_II_2_3,tour_total_cost_cycling_vary_II_2_3,tour_total_cost_transit_vary_II_2_3,tour_total_cost_driving_vary_II_2_3,tour_total_cost_driving_reschedule_vary_II_2_3,tour_total_cost_walking_vary_II_2_4,tour_total_cost_cycling_vary_II_2_4,tour_total_cost_transit_vary_II_2_4,tour_total_cost_driving_vary_II_2_4,tour_total_cost_driving_reschedule_vary_II_2_4,tour_total_cost_walking_vary_II_2_5,tour_total_cost_cycling_vary_II_2_5,tour_total_cost_transit_vary_II_2_5,tour_total_cost_driving_vary_II_2_5,tour_total_cost_driving_reschedule_vary_II_2_5,tour_total_cost_walking_vary_III_1_1,tour_total_cost_cycling_vary_III_1_1,tour_total_cost_transit_vary_III_1_1,tour_total_cost_driving_vary_III_1_1,tour_total_cost_driving_reschedule_vary_III_1_1,tour_total_cost_walking_vary_III_1_2,tour_total_cost_cycling_vary_III_1_2,tour_total_cost_transit_vary_III_1_2,tour_total_cost_driving_vary_III_1_2,tour_total_cost_driving_reschedule_vary_III_1_2,tour_total_cost_walking_vary_III_1_3,tour_total_cost_cycling_vary_III_1_3,tour_total_cost_transit_vary_III_1_3,tour_total_cost_driving_vary_III_1_3,tour_total_cost_driving_reschedule_vary_III_1_3,tour_total_cost_walking_vary_III_1_4,tour_total_cost_cycling_vary_III_1_4,tour_total_cost_transit_vary_III_1_4,tour_total_cost_driving_vary_III_1_4,tour_total_cost_driving_reschedule_vary_III_1_4,tour_total_cost_walking_vary_III_1_5,tour_total_cost_cycling_vary_III_1_5,tour_total_cost_transit_vary_III_1_5,tour_total_cost_driving_vary_III_1_5,tour_total_cost_driving_reschedule_vary_III_1_5,tour_total_cost_walking_vary_III_2_1,tour_total_cost_cycling_vary_III_2_1,tour_total_cost_transit_vary_III_2_1,tour_total_cost_driving_vary_III_2_1,tour_total_cost_driving_reschedule_vary_III_2_1,tour_total_cost_walking_vary_III_2_2,tour_total_cost_cycling_vary_III_2_2,tour_total_cost_transit_vary_III_2_2,tour_total_cost_driving_vary_III_2_2,tour_total_cost_driving_reschedule_vary_III_2_2,tour_total_cost_walking_vary_III_2_3,tour_total_cost_cycling_vary_III_2_3,tour_total_cost_transit_vary_III_2_3,tour_total_cost_driving_vary_III_2_3,tour_total_cost_driving_reschedule_vary_III_2_3,tour_total_cost_walking_vary_III_2_4,tour_total_cost_cycling_vary_III_2_4,tour_total_cost_transit_vary_III_2_4,tour_total_cost_driving_vary_III_2_4,tour_total_cost_driving_reschedule_vary_III_2_4,tour_total_cost_walking_vary_III_2_5,tour_total_cost_cycling_vary_III_2_5,tour_total_cost_transit_vary_III_2_5,tour_total_cost_driving_vary_III_2_5,tour_total_cost_driving_reschedule_vary_III_2_5,total_monetary_budget_per_id,total_token_budget_per_id,total_token_budget_reduced_per_id,total_distance_per_id,total_token_budget_distance_per_id
P001,Monday,medium,1,1,gasoline,1,15,0,3,evening_destination,,,,,,,,,Kongens Lyngby,10:00,Kongens Lyngby,,,,,,,,,18:15,evening_destination,driving,12.6,172.9,13.8,46,14.4,56.25,14.8,73.3,60,14.4,37.5,"['cycling', 'transit', 'driving', 'driving_reschedule']",0.0,0,0.0,0,0.51208,0,2.8512000000000004,3.0,5.0751360000000005,6.0,5.0751360000000005,6.0,6.0,5.0,4.0,2.0,1.0,10,1.25,108.984375,58.302720000000015,167.29,37.78125,58.302720000000015,175.6545,178.25,0.0,184.437225,158.29874999999998,60,218.3,334.99375,0.0,334.99,167.29,0.5743319983262598,1.0,1,sun,,sun,heat,rain,closure,crowded,overshoot,,,rain,,,,,construction,,congestion,,fuel,277.9908155258591,158.68952959168323,218.3,167.29,167.29,334.99,184.437225,218.3,167.29,167.29,270.6741609347085,159.23196597370085,218.3,167.29,167.29,377.5883916814401,216.1609626432091,226.5562225181887,167.29,167.29,401.7651591549148,211.68983637541584,226.04651873296075,167.29,167.29,334.99,184.437225,232.9512632501277,199.53839309283535,196.29042690483647,334.99,184.437225,245.1171157120875,167.29,167.29,334.99,184.437225,218.3,192.93444277974757,194.3025981495242,334.99,184.437225,218.3,167.29,167.29,334.99,184.437225,218.3,167.29,167.29,386.84253786746785,211.3485373673585,219.11883802275958,167.29,167.29,334.99,184.437225,218.3,167.29,167.29,334.99,184.437225,218.3,167.29,167.29,334.99,184.437225,218.3,167.29,167.29,334.99,184.437225,218.3,167.29,167.29,334.99,184.437225,218.3,193.67790327287398,189.35756225414357,334.99,184.437225,218.3,167.29,167.29,334.99,184.437225,218.3,200.60079933433138,190.71235069098103,334.99,184.437225,218.3,167.29,167.29,334.99,184.437225,218.3,196.6836064028371,192.42635458779208,876.4499999999999,30,24,72.0,13
P001,Tuesday,medium,1,1,gasoline,1,15,0,3,Søborg,,,,,,,,,Kongens Lyngby,09:00,Kongens Lyngby,,,,,,,,,16:15,Søborg,driving,12.6,172.9,13.8,46,14.4,56.25,14.8,73.3,60,14.4,37.5,"['cycling', 'transit', 'driving', 'driving_reschedule']",0.0,0,0.0,0,0.51208,0,2.8512000000000004,3.0,5.0751360000000005,6.0,5.0751360000000005,6.0,6.0,5.0,4.0,2.0,1.0,10,1.25,108.984375,58.302720000000015,167.29,37.78125,58.302720000000015,175.6545,178.25,0.0,184.437225,158.29874999999998,60,218.3,334.99375,0.0,334.99,167.29,0.5743319983262598,1.0,2,sun,,sun,heat,rain,closure,crowded,overshoot,,,rain,,,,,construction,,congestion,,fuel,269.44740089199047,156.6930116721249,218.3,167.29,167.29,334.99,184.437225,218.3,167.29,167.29,284.0224324648408,161.3757484519429,218.3,167.29,167.29,401.9080663082896,220.86115786896707,219.5868027439664,167.29,167.29,398.7005832964098,220.15059608772998,226.93706616635498,167.29,167.29,334.99,184.437225,221.9289710040893,185.99858596034252,197.247715826753,334.99,184.437225,257.08792694310364,167.29,167.29,334.99,184.437225,218.3,198.45996310556373,197.52568862252312,334.99,184.437225,218.3,167.29,167.29,334.99,184.437225,218.3,167.29,167.29,391.32700799555306,218.94251776525044,228.76078621123304,167.29,167.29,334.99,184.437225,218.3,167.29,167.29,334.99,184.437225,218.3,167.29,167.29,334.99,184.437225,218.3,167.29,167.29,334.99,184.437225,218.3,167.29,167.29,334.99,184.437225,218.3,191.14822000490918,198.9396048132332,334.99,184.437225,218.3,167.29,167.29,334.99,184.437225,218.3,197.63183651783723,188.60751781184638,334.99,184.437225,218.3,167.29,167.29,334.99,184.437225,218.3,197.18897663722518,191.82734037653918,876.4499999999999,30,24,72.0,13
P001,Wednesday,medium,1,1,gasoline,1,15,0,3,Søborg,,,,,,,,,Kongens Lyngby,10:00,Kongens Lyngby,,,,,,,,,15:00,Søborg,driving,12.6,172.9,13.8,46,14.4,56.25,14.8,73.3,60,14.4,37.5,"['cycling', 'transit', 'driving', 'driving_reschedule']",0.0,0,0.0,0,0.51208,0,2.8512000000000004,3.0,5.0751360000000005,6.0,5.0751360000000005,6.0,6.0,5.0,4.0,2.0,1.0,10,1.25,108.984375,58.302720000000015,167.29,37.78125,58.302720000000015,175.6545,178.25,0.0,184.437225,158.29874999999998,60,218.3,334.99375,0.0,334.99,167.29,0.5743319983262598,1.0,3,sun,,sun,heat,rain,closure,crowded,overshoot,,,rain,,,,,construction,,congestion,,fuel,286.35638989776425,157.82715482467555,218.3,167.29,167.29,334.99,184.437225,218.3,167.29,167.29,287.2091126218024,162.06709131254465,218.3,167.29,167.29,389.84405049560854,208.51768771290844,234.41482613450825,167.29,167.29,397.31094699618063,205.09671984137492,220.01382467442056,167.29,167.29,334.99,184.437225,237.71022569591173,200.14967600707388,189.40979681061333,334.99,184.437225,259.00258220558567,167.29,167.29,334.99,184.437225,218.3,195.74221002775153,188.96857263848622,334.99,184.437225,218.3,167.29,167.29,334.99,184.437225,218.3,167.29,167.29,372.16444511883685,217.99721954891902,228.38921467802632,167.29,167.29,334.99,184.437225,218.3,167.29,167.29,334.99,184.437225,218.3,167.29,167.29,334.99,184.437225,218.3,167.29,167.29,334.99,184.437225,218.3,167.29,167.29,334.99,184.437225,218.3,185.7233765097289,200.58044431009728,334.99,184.437225,218.3,167.29,167.29,334.99,184.437225,218.3,189.4758442481867,195.52765722906037,334.99,184.437225,218.3,167.29,167.29,334.99,184.437225,218.3,187.74574288147363,195.54741256360643,876.4499999999999,30,24,72.0,13
P001,Thursday,medium,1,1,gasoline,1,15,0,3,Søborg,,,,,,,,,Kongens Lyngby,10:00,Kongens Lyngby,,,,,,,,,18:30,Søborg,driving,12.6,172.9,13.8,46,14.4,56.25,14.8,73.3,60,14.4,37.5,"['cycling', 'transit', 'driving', 'driving_reschedule']",0.0,0,0.0,0,0.51208,0,2.8512000000000004,3.0,5.0751360000000005,6.0,5.0751360000000005,6.0,6.0,5.0,4.0,2.0,1.0,10,1.25,108.984375,58.302720000000015,167.29,37.78125,58.302720000000015,175.6545,178.25,0.0,184.437225,158.29874999999998,60,218.3,334.99375,0.0,334.99,167.29,0.5743319983262598,1.0,4,sun,,sun,heat,rain,closure,crowded,overshoot,cake,,rain,,,,,construction,,congestion,exercise,fuel,293.07631861830197,162.58551792077068,218.3,167.29,167.29,334.99,184.437225,218.3,167.29,167.29,294.12417750211876,154.1609558692362,218.3,167.29,167.29,390.0928130517309,207.05969120461526,231.03890721697672,167.29,167.29,384.72256636675496,221.10644123171312,220.74210627292695,167.29,167.29,334.99,184.437225,234.7852197902678,196.6293550490406,193.70083546819325,334.99,184.437225,256.96036794151,167.29,167.29,334.99,184.437225,218.3,195.53994229208038,188.84104725549716,381.96622767722624,205.45242901741807,243.59151982747375,167.29,167.29,334.99,184.437225,218.3,167.29,167.29,374.3612523748803,216.39085540728271,226.8434927596338,167.29,167.29,334.99,184.437225,218.3,167.29,167.29,334.99,184.437225,218.3,167.29,167.29,334.99,184.437225,218.3,167.29,167.29,334.99,184.437225,218.3,167.29,167.29,334.99,184.437225,218.3,193.21886249813915,197.14911796314175,334.99,184.437225,218.3,167.29,167.29,334.99,184.437225,218.3,190.01908559801433,194.95874610529955,334.99,160.41927654339796,218.3,167.29,167.29,334.99,184.437225,218.3,187.36592037650777,185.76040047039984,876.4499999999999,30,24,72.0,13
P001,Friday,medium,1,1,gasoline,1,15,0,3,Søborg,,,,,,,,,Kongens Lyngby,08:45,Kongens Lyngby,,,,,,,,,17:00,Søborg,driving,12.6,172.9,13.8,46,14.4,56.25,14.8,73.3,60,14.4,37.5,"['cycling', 'transit', 'driving', 'driving_reschedule']",0.0,0,0.0,0,0.51208,0,2.8512000000000004,3.0,5.0751360000000005,6.0,5.0751360000000005,6.0,6.0,5.0,4.0,2.0,1.0,10,1.25,108.984375,58.302720000000015,167.29,37.78125,58.302720000000015,175.6545,178.25,0.0,184.437225,158.29874999999998,60,218.3,334.99375,0.0,334.99,167.29,0.5743319983262598,1.0,5,sun,,sun,heat,rain,closure,crowded,overshoot,,exercise,rain,,,,,construction,,congestion,,fuel,286.93502469564464,149.7431125977689,218.3,167.29,167.29,334.99,184.437225,218.3,167.29,167.29,292.26698390519863,155.9223840164336,218.3,167.29,167.29,385.66178698908243,221.29607557535672,224.20659855935858,167.29,167.29,391.4612483076822,220.57135977497407,229.27522258130895,167.29,167.29,334.99,184.437225,221.89677506863,197.5302833095888,187.87666332968774,334.99,184.437225,247.98527640182292,167.29,167.29,334.99,184.437225,218.3,192.34541979520918,196.8630507826888,334.99,184.437225,218.3,167.29,167.29,334.99,162.4280936978093,218.3,167.29,167.29,382.37772430563416,218.24836590913418,232.53432795509784,167.29,167.29,334.99,184.437225,218.3,167.29,167.29,334.99,184.437225,218.3,167.29,167.29,334.99,184.437225,218.3,167.29,167.29,334.99,184.437225,218.3,167.29,167.29,334.99,184.437225,218.3,198.49210971832213,189.90862798450587,334.99,184.437225,218.3,167.29,167.29,334.99,184.437225,218.3,192.79862341099744,199.5046642067388,334.99,184.437225,218.3,167.29,167.29,334.99,184.437225,218.3,198.95087286818574,187.17969666545204,876.4499999999999,30,24,72.0,13
P002,Monday,low,1,1,diesel,1,20,0,1,Gentofte,,,,,,,,,København K,08:45,København K,,,,,,,,,17:00,Gentofte,driving,15.3,212.2,16.0,50,15.2,68.17500000000001,18.1,57.6,60,15.2,45.45,"['cycling', 'transit', 'driving', 'driving_reschedule']",0.0,0,0.0,0,0.62626,0,2.5916,3.0,4.613048,5.0,4.613048,5.0,5.0,5.0,4.0,2.0,1.0,15,1.5,158.50687500000004,49.94111999999999,208.45,79.09625000000001,49.94111999999999,239.71749999999997,232.5,0.0,275.6751249999999,153.83,60,275.6751249999999,493.36499999999995,0.0,493.36,208.45,0.6190453346126169,1.0,1,sun,,sun,heat,rain,closure,crowded,overshoot,,,rain,,,,,construction,,congestion,,fuel,420.4463318831624,221.88941060156338,275.6751249999999,208.45,208.45,493.36,275.6751249999999,275.6751249999999,208.45,208.45,438.07001480466874,232.76870497741876,275.6751249999999,208.45,208.45,585.8288415839164,328.3256291007436,300.579202551104,208.45,208.45,573.5802341691165,324.7109163980314,294.57446100946197,208.45,208.45,493.36,275.6751249999999,297.90567700519574,241.22138096986407,237.05477025971075,493.36,275.6751249999999,310.3150577824087,208.45,208.45,493.36,275.6751249999999,275.6751249999999,243.9329790440352,248.23138095933322,493.36,275.6751249999999,275.6751249999999,208.45,208.45,493.36,275.6751249999999,275.6751249999999,208.45,208.45,550.7596370490518,315.23253873031575,284.72926596783583,208.45,208.45,493.36,275.6751249999999,275.6751249999999,208.45,208.45,493.36,275.6751249999999,275.6751249999999,208.45,208.45,493.36,275.6751249999999,275.6751249999999,208.45,208.45,493.36,275.6751249999999,275.6751249999999,208.45,208.45,493.36,275.6751249999999,275.6751249999999,238.11144124140736,238.04887928353352,493.36,275.6751249999999,275.6751249999999,208.45,208.45,493.36,275.6751249999999,275.6751249999999,248.69422302204617,248.205903467018,493.36,275.6751249999999,275.6751249999999,208.45,208.45,493.36,275.6751249999999,275.6751249999999,245.23572557967736,243.12405326969363,1050.9825,20,16,76.0,13
P002,Tuesday,low,1,1,diesel,1,20,0,1,Gentofte,,,,,,,,,København K,08:45,København K,,,,,,,,,17:00,Gentofte,driving,15.3,212.2,16.0,50,15.2,68.17500000000001,18.1,57.6,60,15.2,45.45,"['cycling', 'transit', 'driving', 'driving_reschedule']",0.0,0,0.0,0,0.62626,0,2.5916,3.0,4.613048,5.0,4.613048,5.0,5.0,5.0,4.0,2.0,1.0,15,1.5,158.50687500000004,49.94111999999999,208.45,79.09625000000001,49.94111999999999,239.71749999999997,232.5,0.0,275.6751249999999,153.83,60,275.6751249999999,493.36499999999995,0.0,493.36,208.45,0.6190453346126169,1.0,2,sun,exercise,sun,heat,rain,closure,crowded,overshoot,,,rain,,,,,construction,,congestion,,fuel,409.9564420315002,236.06161865930684,275.6751249999999,208.45,208.45,493.36,236.66540612370554,275.6751249999999,208.45,208.45,426.15407766937693,237.88410905440816,275.6751249999999,208.45,208.45,582.27810547972,308.55511353124047,279.04061045317707,208.45,208.45,590.350343174043,328.0464167470202,282.9479378802124,208.45,208.45,493.36,275.6751249999999,299.71284089451495,231.80984641920014,239.45115015114993,493.36,275.6751249999999,316.9155523403527,208.45,208.45,493.36,275.6751249999999,275.6751249999999,234.64433265806707,234.2313315910539,493.36,275.6751249999999,275.6751249999999,208.45,208.45,493.36,275.6751249999999,275.6751249999999,208.45,208.45,584.8357822344136,317.5769179737821,287.7934936147299,208.45,208.45,493.36,275.6751249999999,275.6751249999999,208.45,208.45,493.36,275.6751249999999,275.6751249999999,208.45,208.45,493.36,275.6751249999999,275.6751249999999,208.45,208.45,493.36,275.6751249999999,275.6751249999999,208.45,208.45,493.36,275.6751249999999,275.6751249999999,243.43356462451888,234.39897828196,493.36,275.6751249999999,275.6751249999999,208.45,208.45,493.36,275.6751249999999,275.6751249999999,249.567017441956,247.0732462362061,493.36,275.6751249999999,275.6751249999999,208.45,208.45,493.36,275.6751249999999,275.6751249999999,248.56992226214606,231.69472133053702,1050.9825,20,16,76.0,13
P002,Wednesday,low,1,1,diesel,1,20,0,1,Gentofte,,,,,,,,,København K,08:45,København K,,,,,,,,,17:00,Gentofte,driving,15.3,212.2,16.0,50,15.2,68.17500000000001,18.1,57.6,60,15.2,45.45,"['cycling', 'transit', 'driving', 'driving_reschedule']",0.0,0,0.0,0,0.62626,0,2.5916,3.0,4.613048,5.0,4.613048,5.0,5.0,5.0,4.0,2.0,1.0,15,1.5,158.50687500000004,49.94111999999999,208.45,79.09625000000001,49.94111999999999,239.71749999999997,232.5,0.0,275.6751249999999,153.83,60,275.6751249999999,493.36499999999995,0.0,493.36,208.45,0.6190453346126169,1.0,3,sun,,sun,heat,rain,closure,crowded,overshoot,,,rain,,,,,construction,,congestion,,fuel,419.9810085951808,229.68592958629122,275.6751249999999,208.45,208.45,493.36,275.6751249999999,275.6751249999999,208.45,208.45,428.5712256839326,226.31488849717547,275.6751249999999,208.45,208.45,576.1644508821552,317.1216445490772,299.4934522688776,208.45,208.45,571.4076494672977,310.2001691911807,285.2308813069187,208.45,208.45,493.36,275.6751249999999,276.15099486423645,232.37011573393417,234.37714665609792,493.36,275.6751249999999,310.6659506860574,208.45,208.45,493.36,275.6751249999999,275.6751249999999,249.34175660301355,249.9350606230855,493.36,275.6751249999999,275.6751249999999,208.45,208.45,493.36,275.6751249999999,275.6751249999999,208.45,208.45,585.6444235965743,309.41432318919846,291.2094069971306,208.45,208.45,493.36,275.6751249999999,275.6751249999999,208.45,208.45,493.36,275.6751249999999,275.6751249999999,208.45,208.45,493.36,275.6751249999999,275.6751249999999,208.45,208.45,493.36,275.6751249999999,275.6751249999999,208.45,208.45,493.36,275.6751249999999,275.6751249999999,238.43652452461828,249.81317558478864,493.36,275.6751249999999,275.6751249999999,208.45,208.45,493.36,275.6751249999999,275.6751249999999,239.87473457505365,231.91060568498338,493.36,275.6751249999999,275.6751249999999,208.45,208.45,493.36,275.6751249999999,275.6751249999999,244.0050400580174,243.912472220203,1050.9825,20,16,76.0,13
P002,Thursday,low,1,1,diesel,1,20,0,1,Gentofte,,,,,,,,,København K,08:45,København K,,,,,,,,,17:00,Gentofte,driving,15.3,212.2,16.0,50,15.2,68.17500000000001,18.1,57.6,60,15.2,45.45,"['cycling', 'transit', 'driving', 'driving_reschedule']",0.0,0,0.0,0,0.62626,0,2.5916,3.0,4.613048,5.0,4.613048,5.0,5.0,5.0,4.0,2.0,1.0,15,1.5,158.50687500000004,49.94111999999999,208.45,79.09625000000001,49.94111999999999,239.71749999999997,232.5,0.0,275.6751249999999,153.83,60,275.6751249999999,493.36499999999995,0.0,493.36,208.45,0.6190453346126169,1.0,4,sun,,sun,heat,rain,closure,crowded,overshoot,,,rain,,,,,construction,,congestion,cake,fuel,403.4878866482666,244.55600205294962,275.6751249999999,208.45,208.45,493.36,275.6751249999999,275.6751249999999,208.45,208.45,433.7473376636969,226.98174183752337,275.6751249999999,208.45,208.45,573.8260955646551,326.54718464374963,279.9478105512487,208.45,208.45,574.0827082623515,306.3419194285306,285.74042516687433,208.45,208.45,493.36,275.6751249999999,301.3568568763099,240.5983391814076,241.72684399024217,493.36,275.6751249999999,322.30255349494,208.45,208.45,493.36,275.6751249999999,275.6751249999999,231.53144013484967,240.36128173583225,493.36,275.6751249999999,275.6751249999999,208.45,208.45,493.36,275.6751249999999,275.6751249999999,208.45,208.45,576.0986157809388,325.0553863481569,285.7545210760801,208.45,208.45,493.36,275.6751249999999,275.6751249999999,208.45,208.45,493.36,275.6751249999999,275.6751249999999,208.45,208.45,493.36,275.6751249999999,275.6751249999999,208.45,208.45,493.36,275.6751249999999,275.6751249999999,208.45,208.45,493.36,275.6751249999999,275.6751249999999,249.23170394666798,239.37502288538658,493.36,275.6751249999999,275.6751249999999,208.45,208.45,493.36,275.6751249999999,275.6751249999999,237.61097321249864,238.8031766282966,576.9375787294551,325.9805475463023,326.2317737332271,208.45,208.45,493.36,275.6751249999999,275.6751249999999,239.08752748875486,241.1605414887057,1050.9825,20,16,76.0,13
P002,Saturday,low,1,1,diesel,1,20,0,1,Gentofte,,,,,,,,,København K,07:45,København K,,,,,,,,,16:45,Gentofte,cycling,15.3,212.2,16.0,50,15.2,68.17500000000001,18.1,57.6,60,15.2,45.45,"['cycling', 'transit', 'driving', 'driving_reschedule']",0.0,0,0.0,0,0.62626,0,2.5916,3.0,4.613048,5.0,0.0,0.0,5.0,5.0,4.0,2.0,1.0,15,1.5,158.50687500000004,49.94111999999999,208.45,79.09625000000001,49.94111999999999,239.71749999999997,232.5,0.0,177.18249999999998,153.83,60,275.6751249999999,493.36499999999995,0.0,493.36,177.18249999999998,0.6190453346126169,1.1153753897817222,5,sun,,sun,heat,rain,closure,crowded,overshoot,,exercise,rain,,,,,construction,,congestion,,fuel,435.8445291019891,156.54725401855765,275.6751249999999,208.45,208.45,493.36,177.18249999999998,275.6751249999999,208.45,208.45,402.48986413522454,153.6121180007453,275.6751249999999,208.45,208.45,562.0794771699158,210.42985109199864,300.66772575309636,208.45,208.45,583.209728252497,200.66887978896767,285.6626372910198,208.45,208.45,493.36,177.18249999999998,297.3337714397158,242.05549331896245,246.2231234388813,493.36,177.18249999999998,315.08283653518106,208.45,208.45,493.36,177.18249999999998,275.6751249999999,241.15944945019555,245.21777395131699,493.36,177.18249999999998,275.6751249999999,208.45,208.45,493.36,147.7432556520109,275.6751249999999,208.45,208.45,589.6919476267097,197.60528922149555,291.9910135448185,208.45,208.45,493.36,177.18249999999998,275.6751249999999,208.45,208.45,493.36,177.18249999999998,275.6751249999999,208.45,208.45,493.36,177.18249999999998,275.6751249999999,208.45,208.45,493.36,177.18249999999998,275.6751249999999,208.45,208.45,493.36,177.18249999999998,275.6751249999999,243.81442410587246,241.87384266216034,493.36,177.18249999999998,275.6751249999999,208.45,208.45,493.36,177.18249999999998,275.6751249999999,241.4250204012559,242.84826723396156,493.36,177.18249999999998,275.6751249999999,208.45,208.45,493.36,177.18249999999998,275.6751249999999,243.4878986785713,234.0069582715428,1050.9825,20,16,76.0,13
P003,Monday,high,4,1,ev,1,7,0,2,Roskilde,,,,,,,,,Kongens Lyngby,07:45,Kongens Lyngby,Roskilde,escorting,,,,,,,16:45,Roskilde,driving,73.1,993.8,79.3,248,81.3,162.675,102.8,200.0,120,81.3,108.45,"['transit', 'driving', 'driving_reschedule']",0.0,0,0.0,0,3.5568799999999996,0,1.55283,2.0,2.7640374,3.0,2.7640374,3.0,3.0,,1.0,5.0,3.0,30,1.0,252.14625000000004,172.38852,424.53,163.9975,172.38852,424.53,768.8000000000001,0.0,768.8,423.08000000000004,120,543.08,1540.3899999999999,0.0,1540.39,424.53,0.7923821638046782,1.0,1,sun,,sun,heat,rain,closure,crowded,overshoot,,,rain,,,,,construction,,congestion,,fuel,1369.881774404644,643.3274439951816,543.08,424.53,424.53,1540.39,768.8,543.08,424.53,424.53,1255.353102311196,661.1952406257674,543.08,424.53,424.53,1837.9368652601204,859.3036289661529,580.5695556427158,424.53,424.53,1756.0192220289678,888.2666087556221,570.2201795946197,424.53,424.53,1540.39,768.8,553.833240084542,486.6718878451237,473.2023764149511,1540.39,768.8,648.3035211273415,424.53,424.53,1540.39,768.8,543.08,497.8435116075202,491.3169466727493,1540.39,768.8,543.08,424.53,424.53,1540.39,768.8,543.08,424.53,424.53,1762.756494731309,905.5953706367135,563.3159541922059,424.53,424.53,1540.39,768.8,543.08,424.53,424.53,1540.39,768.8,543.08,424.53,424.53,1540.39,768.8,543.08,424.53,424.53,1540.39,768.8,543.08,424.53,424.53,1540.39,768.8,543.08,486.53440945175174,504.9970707667484,1540.39,768.8,543.08,424.53,424.53,1540.39,768.8,543.08,497.30645065986545,502.782490511345,1540.39,768.8,543.08,424.53,424.53,1540.39,768.8,543.08,475.1428774003455,486.54054396797926,2126.1499999999996,15,12,403.09999999999997,50
P003,Tuesday,high,4,1,ev,1,7,0,2,Roskilde,,,,,,,,,Kongens Lyngby,07:33,Kongens Lyngby,,,,,,,,,17:00,Roskilde,driving,71.8,976.9,78.6,246,79.6,153.22500000000002,92.1,187.6,120,79.6,102.15,"['transit', 'driving', 'driving_reschedule']",0.0,0,0.0,0,3.18666,0,1.5203599999999997,2.0,2.7062407999999993,3.0,2.7062407999999993,3.0,3.0,,1.0,5.0,3.0,30,1.0,237.49875000000003,168.78384,406.28,154.23250000000002,168.78384,406.28,762.6,0.0,762.6,392.09,120,512.09,1514.195,0.0,1514.2,406.28,0.7950674411735749,1.0,2,sun,exercise,sun,heat,rain,closure,crowded,overshoot,,,rain,,,,,construction,,congestion,,fuel,1281.2190006371802,661.228039926767,512.09,406.28,406.28,1514.2,655.2677713914007,512.09,406.28,406.28,1288.1049817774779,616.0652090163162,512.09,406.28,406.28,1805.5738718713458,864.9071787846777,557.4437576398793,406.28,406.28,1699.4789220293153,896.6315881172593,554.469780772723,406.28,406.28,1514.2,762.6,513.2259572195126,475.77336079409446,485.54567450303017,1514.2,762.6,611.3719936672408,406.28,406.28,1514.2,762.6,512.09,482.9057615058074,484.11323916013606,1514.2,762.6,512.09,406.28,406.28,1514.2,762.6,512.09,406.28,406.28,1782.3163232141515,865.5758323532555,556.0190760402892,406.28,406.28,1514.2,762.6,512.09,406.28,406.28,1514.2,762.6,512.09,406.28,406.28,1514.2,762.6,512.09,406.28,406.28,1514.2,762.6,512.09,406.28,406.28,1514.2,762.6,512.09,464.3216772857897,453.32553387146135,1514.2,762.6,512.09,406.28,406.28,1514.2,762.6,512.09,475.7972985421367,469.18631056247983,1514.2,762.6,512.09,406.28,406.28,1514.2,762.6,512.09,481.3739570534403,487.35343985266576,2126.1499999999996,15,12,403.09999999999997,50
P003,Wednesday,high,4,1,ev,1,7,0,2,Roskilde,,,,,,,,,Kongens Lyngby,07:33,Kongens Lyngby,Roskilde,escorting,,,,,,,17:00,Roskilde,driving,73.1,993.8,79.3,248,81.3,162.675,102.8,200.0,120,81.3,108.45,"['transit', 'driving', 'driving_reschedule']",0.0,0,0.0,0,3.5568799999999996,0,1.55283,2.0,2.7640374,3.0,2.7640374,3.0,3.0,,1.0,5.0,3.0,30,1.0,252.14625000000004,172.38852,424.53,163.9975,172.38852,424.53,768.8000000000001,0.0,768.8,423.08000000000004,120,543.08,1540.3899999999999,0.0,1540.39,424.53,0.7923821638046782,1.0,3,sun,,sun,heat,rain,closure,crowded,overshoot,,,rain,,,,,construction,,congestion,,fuel,1252.4500997486587,675.3628485440316,543.08,424.53,424.53,1540.39,768.8,543.08,424.53,424.53,1358.4799510119922,679.795781470951,543.08,424.53,424.53,1761.7546710758072,894.5596462136139,575.1296966552376,424.53,424.53,1779.2536860905984,890.970035216208,571.5663214934566,424.53,424.53,1540.39,768.8,544.9872006462646,475.4634757394512,472.70807570414746,1540.39,768.8,647.9936884636668,424.53,424.53,1540.39,768.8,543.08,490.6375846608466,478.3638332065723,1540.39,768.8,543.08,424.53,424.53,1540.39,768.8,543.08,424.53,424.53,1778.2858683202667,888.635517029228,594.2090888667931,424.53,424.53,1540.39,768.8,543.08,424.53,424.53,1540.39,768.8,543.08,424.53,424.53,1540.39,768.8,543.08,424.53,424.53,1540.39,768.8,543.08,424.53,424.53,1540.39,768.8,543.08,505.8180152783306,502.3792856443011,1540.39,768.8,543.08,424.53,424.53,1540.39,768.8,543.08,489.67024047515065,500.22168697651995,1540.39,768.8,543.08,424.53,424.53,1540.39,768.8,543.08,504.73106951581775,493.5926017909249,2126.1499999999996,15,12,403.09999999999997,50
P003,Thursday,high,4,1,ev,1,7,0,2,Roskilde,,,,,,,,,Kongens Lyngby,07:33,Kongens Lyngby,,,,,,,,,17:00,Roskilde,driving,71.8,976.9,78.6,246,79.6,153.22500000000002,92.1,187.6,120,79.6,102.15,"['transit', 'driving', 'driving_reschedule']",0.0,0,0.0,0,3.18666,0,1.5203599999999997,2.0,2.7062407999999993,3.0,2.7062407999999993,3.0,3.0,,1.0,5.0,3.0,30,1.0,237.49875000000003,168.78384,406.28,154.23250000000002,168.78384,406.28,762.6,0.0,762.6,392.09,120,512.09,1514.195,0.0,1514.2,406.28,0.7950674411735749,1.0,4,sun,,sun,heat,rain,closure,crowded,overshoot,,,rain,,,cake,,construction,,congestion,,fuel,1281.9108179073658,626.4801292152741,512.09,406.28,406.28,1514.2,762.6,512.09,406.28,406.28,1245.564894249926,638.7123648146145,512.09,406.28,406.28,1737.851735021345,882.2533181068907,537.3284286692092,406.28,406.28,1809.3198641724396,869.3980693262421,544.4275196958586,406.28,406.28,1514.2,762.6,515.8752561853564,486.31938266952693,481.2434108459027,1514.2,762.6,595.3167688579858,406.28,406.28,1514.2,762.6,512.09,468.0113168720911,467.849723589225,1514.2,762.6,512.09,406.28,406.28,1514.2,762.6,512.09,406.28,406.28,1800.4958330242855,859.4265596112755,533.1864303323042,406.28,406.28,1514.2,762.6,512.09,406.28,406.28,1514.2,762.6,512.09,406.28,406.28,1805.4400827149163,913.3688957639948,600.0354777058469,406.28,406.28,1514.2,762.6,512.09,406.28,406.28,1514.2,762.6,512.09,451.6497368259906,461.57644155766366,1514.2,762.6,512.09,406.28,406.28,1514.2,762.6,512.09,476.72027737117713,485.1369701052582,1514.2,762.6,512.09,406.28,406.28,1514.2,762.6,512.09,480.24269807072767,481.89878040108454,2126.1499999999996,15,12,403.09999999999997,50
P003,Friday,high,4,1,ev,1,7,0,2,Roskilde,,,,,,,,,Kongens Lyngby,07:33,Kongens Lyngby,Roskilde,escorting,,,,,,,17:00,Roskilde,driving,73.1,993.8,79.3,248,81.3,162.675,102.8,200.0,120,81.3,108.45,"['transit', 'driving', 'driving_reschedule']",0.0,0,0.0,0,3.5568799999999996,0,1.55283,2.0,2.7640374,3.0,2.7640374,3.0,3.0,,1.0,5.0,3.0,30,1.0,252.14625000000004,172.38852,424.53,163.9975,172.38852,424.53,768.8000000000001,0.0,768.8,423.08000000000004,120,543.08,1540.3899999999999,0.0,1540.39,424.53,0.7923821638046782,1.0,5,sun,,sun,heat,rain,closure,crowded,overshoot,,exercise,rain,,,,,construction,,congestion,,fuel,1304.9628226307336,665.8479313802948,543.08,424.53,424.53,1540.39,768.8,543.08,424.53,424.53,1253.2983923214342,646.3892515069737,543.08,424.53,424.53,1823.5549911773098,904.4676014372794,576.9644218205945,424.53,424.53,1843.5086743886966,875.5459142894772,549.4625063796207,424.53,424.53,1540.39,768.8,544.6894562149489,473.2422586538044,472.61221406900745,1540.39,768.8,612.6427314000941,424.53,424.53,1540.39,768.8,543.08,477.48344509129754,481.17885856486737,1540.39,768.8,543.08,424.53,424.53,1540.39,647.5410708400973,543.08,424.53,424.53,1752.642716993762,902.4831453226037,571.0229196148643,424.53,424.53,1540.39,768.8,543.08,424.53,424.53,1540.39,768.8,543.08,424.53,424.53,1540.39,768.8,543.08,424.53,424.53,1540.39,768.8,543.08,424.53,424.53,1540.39,768.8,543.08,478.09520019141223,506.56814444463066,1540.39,768.8,543.08,424.53,424.53,1540.39,768.8,543.08,472.33390364235726,495.3742347070311,1540.39,768.8,543.08,424.53,424.53,1540.39,768.8,543.08,478.1774623694174,472.8842374954617,2126.1499999999996,15,12,403.09999999999997,50
P004,Monday,low,2,1,diesel,0,15,0,2,København S,,,,,,,,,Gentofte,07:33,Gentofte,,,,,,,,,17:00,København S,driving,28.0,387.7,28.4,96,30.7,146.47500000000002,31.4,80.7,60,30.7,97.65,"['transit', 'driving', 'driving_reschedule']",0.0,0,0.0,0,1.0864399999999999,0,5.23435,6.0,9.317143,10.0,9.317143,10.0,10.0,,5.0,3.0,1.0,30,1.5,340.55437500000005,100.86791999999998,441.42,173.88625000000002,100.86791999999998,507.633,446.40000000000003,0.0,583.7779499999999,222.1675,60,583.7779499999999,901.4024999999999,0.0,901.4,441.42,0.6224230891214716,1.0,1,sun,,sun,heat,rain,closure,crowded,overshoot,,,rain,,,,,construction,,congestion,,fuel,739.3301149461058,497.6596959407973,583.7779499999999,441.42,441.42,901.4,583.7779499999999,583.7779499999999,441.42,441.42,754.4752161994401,491.8492373248506,583.7779499999999,441.42,441.42,1063.2137047319688,672.3011916390328,632.3671291111743,441.42,441.42,1065.8511306302653,694.4059239701332,626.9085722617367,441.42,441.42,901.4,583.7779499999999,601.3174695010331,520.742780365513,509.82173107968254,901.4,583.7779499999999,649.3676783244601,441.42,441.42,901.4,583.7779499999999,583.7779499999999,499.9792099512823,506.6520347096988,901.4,583.7779499999999,583.7779499999999,441.42,441.42,901.4,583.7779499999999,583.7779499999999,441.42,441.42,1015.0107427683632,664.7599694682508,614.461536510774,441.42,441.42,901.4,583.7779499999999,583.7779499999999,441.42,441.42,901.4,583.7779499999999,583.7779499999999,441.42,441.42,901.4,583.7779499999999,583.7779499999999,441.42,441.42,901.4,583.7779499999999,583.7779499999999,441.42,441.42,901.4,583.7779499999999,583.7779499999999,503.87247500310207,514.1420973469292,901.4,583.7779499999999,583.7779499999999,441.42,441.42,901.4,583.7779499999999,583.7779499999999,496.4471830780557,526.0339770302445,901.4,583.7779499999999,583.7779499999999,441.42,441.42,901.4,583.7779499999999,583.7779499999999,521.7738155518915,494.61649185720523,2389.7200000000003,50,40,157.1,23
P004,Tuesday,low,2,1,diesel,0,15,0,2,København S,,,,,,,,,Gentofte,07:40,Gentofte,Hellerup,friends_family,København Ø,sport,,,,,14:00,København S,driving,29.7,411.4,29.8,99,32.7,180.675,33.8,126.7,60,32.7,120.45,"['transit', 'driving', 'driving_reschedule']",0.0,0,0.0,0,1.1694799999999999,0,5.575350000000001,6.0,9.924123000000002,10.0,9.924123000000002,10.0,10.0,,5.0,3.0,1.0,30,1.5,420.06937500000004,107.43912,527.51,226.89625000000004,107.43912,606.6365,460.35,0.0,697.6319749999999,331.75750000000005,60,697.6319749999999,956.5049999999999,0.0,956.5,527.51,0.6338078898978218,1.0,2,sun,,sun,heat,rain,closure,crowded,overshoot,,,rain,cake,,,,construction,,congestion,,fuel,828.0419217713549,603.533484484843,697.6319749999999,527.51,527.51,956.5,697.6319749999999,697.6319749999999,527.51,527.51,839.2742593169256,571.1912959699866,697.6319749999999,527.51,527.51,1075.567631113692,787.1916133381808,711.6803442109066,527.51,527.51,1124.0897652964443,792.4785720772163,735.5184487769011,527.51,527.51,956.5,697.6319749999999,734.2959431855161,626.9373225997348,587.6940804912969,956.5,697.6319749999999,820.5209239538052,527.51,527.51,956.5,697.6319749999999,697.6319749999999,617.3684328791328,630.5729492703214,956.5,697.6319749999999,697.6319749999999,527.51,527.51,956.5,697.6319749999999,697.6319749999999,527.51,527.51,1091.752810086947,791.514987345015,704.5726280119849,527.51,527.51,1130.5060444580206,775.2010459774921,824.494980212815,527.51,527.51,956.5,697.6319749999999,697.6319749999999,527.51,527.51,956.5,697.6319749999999,697.6319749999999,527.51,527.51,956.5,697.6319749999999,697.6319749999999,527.51,527.51,956.5,697.6319749999999,697.6319749999999,614.7445970036418,590.7949037687622,956.5,697.6319749999999,697.6319749999999,527.51,527.51,956.5,697.6319749999999,697.6319749999999,619.0121517705288,627.3339887417337,956.5,697.6319749999999,697.6319749999999,527.51,527.51,956.5,697.6319749999999,697.6319749999999,613.4900823265862,626.8019988099264,2389.7200000000003,50,40,157.1,23
P004,Wednesday,low,2,1,diesel,0,15,0,2,København S,,,,,,,,,Gentofte,07:40,Gentofte,,,,,,,,,14:00,København S,driving,28.0,387.7,28.4,96,30.7,146.47500000000002,31.4,80.7,60,30.7,97.65,"['transit', 'driving', 'driving_reschedule']",0.0,0,0.0,0,1.0864399999999999,0,5.23435,6.0,9.317143,10.0,9.317143,10.0,10.0,,5.0,3.0,1.0,30,1.5,340.55437500000005,100.86791999999998,441.42,173.88625000000002,100.86791999999998,507.633,446.40000000000003,0.0,583.7779499999999,222.1675,60,583.7779499999999,901.4024999999999,0.0,901.4,441.42,0.6224230891214716,1.0,3,sun,,sun,heat,rain,closure,crowded,overshoot,,,rain,,,,,construction,,congestion,,fuel,756.5729576046132,484.4955614071216,583.7779499999999,441.42,441.42,901.4,583.7779499999999,583.7779499999999,441.42,441.42,785.6065995296425,467.9056845520647,583.7779499999999,441.42,441.42,1070.3022053985126,680.2133612972292,593.3110980402653,441.42,441.42,1037.70457201836,667.332533497485,589.0234522371243,441.42,441.42,901.4,583.7779499999999,606.0686472808376,521.8624877873057,512.1671545622631,901.4,583.7779499999999,683.0311280292949,441.42,441.42,901.4,583.7779499999999,583.7779499999999,514.9350389046093,502.68198572127926,901.4,583.7779499999999,583.7779499999999,441.42,441.42,901.4,583.7779499999999,583.7779499999999,441.42,441.42,1038.9774752286062,679.404552410093,603.8722607903585,441.42,441.42,901.4,583.7779499999999,583.7779499999999,441.42,441.42,901.4,583.7779499999999,583.7779499999999,441.42,441.42,901.4,583.7779499999999,583.7779499999999,441.42,441.42,901.4,583.7779499999999,583.7779499999999,441.42,441.42,901.4,583.7779499999999,583.7779499999999,499.26305389950414,516.5063195413446,901.4,583.7779499999999,583.7779499999999,441.42,441.42,901.4,583.7779499999999,583.7779499999999,522.8703868848172,529.1918635058469,901.4,583.7779499999999,583.7779499999999,441.42,441.42,901.4,583.7779499999999,583.7779499999999,500.95399153661947,512.0625752468574,2389.7200000000003,50,40,157.1,23
P004,Thursday,low,2,1,diesel,0,15,0,2,København S,,,,,,,,,Gentofte,07:40,Gentofte,København Ø,sport,København S,friends_family,,,,,14:00,København S,driving,28.8,398.6,28.6,98,32.3,168.52499999999998,30.9,103.6,60,32.3,112.35,"['transit', 'driving', 'driving_reschedule']",0.0,0,0.0,0,1.06914,0,5.50715,6.0,9.802727,10.0,9.802727,10.0,10.0,,5.0,3.0,1.0,30,1.5,391.82062499999995,106.12487999999998,497.95,208.06375,106.12487999999998,572.6424999999999,455.70000000000005,0.0,658.5388749999998,274.85999999999996,60,658.5388749999998,926.7450000000001,0.0,926.75,497.95,0.6309669645546742,1.0,4,sun,,sun,heat,rain,closure,crowded,overshoot,exercise,,rain,,,,,construction,,congestion,,fuel,796.7621169502344,533.7853053069857,658.5388749999998,497.95,497.95,926.75,658.5388749999998,658.5388749999998,497.95,497.95,776.0347841810033,537.5933863862597,658.5388749999998,497.95,497.95,1067.4449235002614,731.8306429965354,671.2542972172799,497.95,497.95,1099.3932800966631,735.9171374755739,707.4500414971482,497.95,497.95,926.75,658.5388749999998,658.939957175167,560.1888410994355,589.796904920682,926.75,658.5388749999998,780.0929753960536,497.95,497.95,926.75,658.5388749999998,658.5388749999998,554.4408165733548,562.3649372166201,926.75,552.6068812261863,658.5388749999998,497.95,497.95,926.75,658.5388749999998,658.5388749999998,497.95,497.95,1036.3476790136199,745.9837613786519,721.624634515409,497.95,497.95,926.75,658.5388749999998,658.5388749999998,497.95,497.95,926.75,658.5388749999998,658.5388749999998,497.95,497.95,926.75,658.5388749999998,658.5388749999998,497.95,497.95,926.75,658.5388749999998,658.5388749999998,497.95,497.95,926.75,658.5388749999998,658.5388749999998,565.0646651247126,573.8734448791628,926.75,658.5388749999998,658.5388749999998,497.95,497.95,926.75,658.5388749999998,658.5388749999998,559.0541887363052,577.8939495919997,926.75,658.5388749999998,658.5388749999998,497.95,497.95,926.75,658.5388749999998,658.5388749999998,593.4601029021569,584.862232355536,2389.7200000000003,50,40,157.1,23
P004,Friday,low,2,1,diesel,0,15,0,2,København S,,,,,,,,,Gentofte,07:40,Gentofte,,,,,,,,,14:00,København S,driving,28.0,387.7,28.4,96,30.7,146.47500000000002,31.4,80.7,60,30.7,97.65,"['transit', 'driving', 'driving_reschedule']",0.0,0,0.0,0,1.0864399999999999,0,5.23435,6.0,9.317143,10.0,9.317143,10.0,10.0,,5.0,3.0,1.0,30,1.5,340.55437500000005,100.86791999999998,441.42,173.88625000000002,100.86791999999998,507.633,446.40000000000003,0.0,583.7779499999999,222.1675,60,583.7779499999999,901.4024999999999,0.0,901.4,441.42,0.6224230891214716,1.0,5,sun,,sun,heat,rain,closure,crowded,overshoot,,exercise,rain,,,,,construction,,congestion,,fuel,738.6171211083736,480.91988915061904,583.7779499999999,441.42,441.42,901.4,583.7779499999999,583.7779499999999,441.42,441.42,762.8335832512945,491.3659399960912,583.7779499999999,441.42,441.42,1024.954844118386,693.9065394419465,616.7254520361699,441.42,441.42,1044.289441231926,682.943937416169,640.6257313208602,441.42,441.42,901.4,583.7779499999999,615.0027458928279,509.076900273516,528.6162235593949,901.4,583.7779499999999,671.4267156180226,441.42,441.42,901.4,583.7779499999999,583.7779499999999,516.3824506105267,527.4111933136296,901.4,583.7779499999999,583.7779499999999,441.42,441.42,901.4,478.89516940596934,583.7779499999999,441.42,441.42,1025.1579444746249,678.705731296436,604.3896117923499,441.42,441.42,901.4,583.7779499999999,583.7779499999999,441.42,441.42,901.4,583.7779499999999,583.7779499999999,441.42,441.42,901.4,583.7779499999999,583.7779499999999,441.42,441.42,901.4,583.7779499999999,583.7779499999999,441.42,441.42,901.4,583.7779499999999,583.7779499999999,494.8570770501306,504.9696387595848,901.4,583.7779499999999,583.7779499999999,441.42,441.42,901.4,583.7779499999999,583.7779499999999,506.19420108706817,515.5706303797004,901.4,583.7779499999999,583.7779499999999,441.42,441.42,901.4,583.7779499999999,583.7779499999999,502.8584214519364,523.9992412178494,2389.7200000000003,50,40,157.1,23
P005,Monday,low,2,1,gasoline,1,4,0,5,København NV,,,,,,,,,Kongens Lyngby,07:40,Kongens Lyngby,,,,,,,,,14:00,København NV,driving,19.3,267.0,20.8,72,20.6,65.25,25.6,116.0,76,20.6,43.5,"['transit', 'driving', 'driving_reschedule']",0.0,0,0.0,0,0.88576,0,4.0788,5.0,7.260264,8.0,7.260264,8.0,8.0,,5.0,3.0,1.0,15,1.5,151.70625,83.40528000000002,235.11,42.562499999999986,83.40528000000002,270.3765,334.8,0.0,334.8,297.86000000000007,76,373.86,620.7750000000001,0.0,620.78,235.11,0.5357917570498915,1.0,1,sun,,sun,heat,rain,closure,crowded,overshoot,,,rain,,,,,construction,,congestion,,fuel,552.0323085518893,283.33402563001084,373.86,235.11,235.11,620.78,334.8,373.86,235.11,235.11,513.3505968258287,285.400817603199,373.86,235.11,235.11,731.5037067779267,378.5416931022244,377.7946687457751,235.11,235.11,741.9757255609376,377.4763377570722,400.4664409851274,235.11,235.11,620.78,334.8,378.64224164978225,275.5002452499231,268.5569621976958,620.78,334.8,422.3488897733574,235.11,235.11,620.78,334.8,373.86,276.1035074637235,271.73327739810634,620.78,334.8,373.86,235.11,235.11,620.78,334.8,373.86,235.11,235.11,718.0005876051359,383.02695957517125,377.3475602389949,235.11,235.11,620.78,334.8,373.86,235.11,235.11,620.78,334.8,373.86,235.11,235.11,620.78,334.8,373.86,235.11,235.11,620.78,334.8,373.86,235.11,235.11,620.78,334.8,373.86,273.606494985593,265.9291180191048,620.78,334.8,373.86,235.11,235.11,620.78,334.8,373.86,266.6210174723747,272.8963393448125,620.78,334.8,373.86,235.11,235.11,620.78,334.8,373.86,272.6605041300021,265.4632935996995,980.44,32,25,82.4,14
P005,Tuesday,low,2,1,gasoline,1,4,0,5,København NV,,,,,,,,,Kongens Lyngby,07:50,Kongens Lyngby,,,,,,,,,18:30,København NV,driving,19.3,267.0,20.8,72,20.6,65.25,25.6,116.0,76,20.6,43.5,"['transit', 'driving', 'driving_reschedule']",0.0,0,0.0,0,0.88576,0,4.0788,5.0,7.260264,8.0,7.260264,8.0,8.0,,5.0,3.0,1.0,15,1.5,151.70625,83.40528000000002,235.11,42.562499999999986,83.40528000000002,270.3765,334.8,0.0,334.8,297.86000000000007,76,373.86,620.7750000000001,0.0,620.78,235.11,0.5357917570498915,1.0,2,sun,,sun,heat,rain,closure,crowded,overshoot,,,rain,,,,,construction,cake,congestion,,fuel,514.914573742636,270.5874237028739,373.86,235.11,235.11,620.78,334.8,373.86,235.11,235.11,508.8989661855058,288.77017692338893,373.86,235.11,235.11,706.1592860183925,386.73355621267893,376.2929165525378,235.11,235.11,725.4220968853184,398.99652986885843,389.7524869968214,235.11,235.11,620.78,334.8,403.7006061738322,267.9194539177434,261.6720487724955,620.78,334.8,444.57905980409885,235.11,235.11,620.78,334.8,373.86,273.39528710621505,277.933909998365,620.78,334.8,373.86,235.11,235.11,620.78,334.8,373.86,235.11,235.11,717.6795072566481,390.8569668317228,403.95001220258973,235.11,235.11,620.78,334.8,373.86,235.11,235.11,620.78,334.8,373.86,235.11,235.11,620.78,334.8,373.86,235.11,235.11,620.78,334.8,373.86,235.11,235.11,620.78,334.8,373.86,267.28630025570857,278.0297857490798,700.9843508814185,372.5933706266,426.91512960395426,235.11,235.11,620.78,334.8,373.86,275.00124674577455,281.2006694389835,620.78,334.8,373.86,235.11,235.11,620.78,334.8,373.86,263.40375103278825,277.9752468860176,980.44,32,25,82.4,14
P005,Wednesday,low,2,1,gasoline,1,4,0,5,København NV,,,,,,,,,Kongens Lyngby,07:50,Kongens Lyngby,,,,,,,,,13:15,København NV,driving,19.3,267.0,20.8,72,20.6,65.25,25.6,116.0,76,20.6,43.5,"['transit', 'driving', 'driving_reschedule']",0.0,0,0.0,0,0.88576,0,4.0788,5.0,7.260264,8.0,7.260264,8.0,8.0,,5.0,3.0,1.0,15,1.5,151.70625,83.40528000000002,235.11,42.562499999999986,83.40528000000002,270.3765,334.8,0.0,334.8,297.86000000000007,76,373.86,620.7750000000001,0.0,620.78,235.11,0.5357917570498915,1.0,3,sun,,sun,heat,rain,closure,crowded,overshoot,,,rain,,exercise,,,construction,,congestion,,fuel,520.6260021593744,290.6614261093661,373.86,235.11,235.11,620.78,334.8,373.86,235.11,235.11,514.8156112112706,268.4464663521656,373.86,235.11,235.11,714.1160929533269,393.1965598389217,384.07967617844986,235.11,235.11,712.6733638787184,380.09020080762156,401.90262667711227,235.11,235.11,620.78,334.8,381.8649531024757,271.8102224059517,263.25081148800325,620.78,334.8,425.0974464128413,235.11,235.11,620.78,334.8,373.86,268.91081082416144,266.56663548706933,620.78,334.8,373.86,235.11,235.11,620.78,334.8,373.86,235.11,235.11,722.885813230831,379.9258569062152,388.2482408272091,235.11,235.11,620.78,334.8,373.86,235.11,235.11,620.78,295.5824952320665,373.86,235.11,235.11,620.78,334.8,373.86,235.11,235.11,620.78,334.8,373.86,235.11,235.11,620.78,334.8,373.86,272.99302948036814,279.8766528050533,620.78,334.8,373.86,235.11,235.11,620.78,334.8,373.86,281.77736496668103,268.0553359401946,620.78,334.8,373.86,235.11,235.11,620.78,334.8,373.86,282.0305880201957,262.71837780273876,980.44,32,25,82.4,14
P005,Thursday,0,0,0,0,0,0,0,0,0,0,0,0.0,0.0,0.0,0.0,0.0,0.0,0,0,0,0,0,0,0,0.0,0.0,0.0,0.0,0,0,no_commute,0.0,0.0,0.0,0,0.0,0.0,0.0,0.0,0,0.0,0.0,"['transit', 'driving', 'driving_reschedule']",0.0,0,0.0,0,0.0,0,0.0,0.0,0.0,0.0,0.0,0.0,0.0,0.0,0.0,0.0,0.0,0,0.0,0.0,0.0,0.0,0.0,0.0,0.0,0.0,0.0,0.0,0.0,0,0.0,0.0,0.0,0.0,0.0,0.0,0.0,4,sun,,sun,heat,rain,closure,crowded,overshoot,,,rain,,,exercise,,construction,,congestion,,fuel,0.0,0.0,0.0,0.0,0.0,0.0,0.0,0.0,0.0,0.0,0.0,0.0,0.0,0.0,0.0,0.0,0.0,0.0,0.0,0.0,0.0,0.0,0.0,0.0,0.0,0.0,0.0,0.0,0.0,0.0,0.0,0.0,0.0,0.0,0.0,0.0,0.0,0.0,0.0,0.0,0.0,0.0,0.0,0.0,0.0,0.0,0.0,0.0,0.0,0.0,0.0,0.0,0.0,0.0,0.0,0.0,0.0,0.0,0.0,0.0,0.0,0.0,0.0,0.0,0.0,0.0,0.0,0.0,0.0,0.0,0.0,0.0,0.0,0.0,0.0,0.0,0.0,0.0,0.0,0.0,0.0,0.0,0.0,0.0,0.0,0.0,0.0,0.0,0.0,0.0,0.0,0.0,0.0,0.0,0.0,0.0,0.0,0.0,0.0,0.0,980.44,32,25,82.4,14
P005,Friday,low,2,1,gasoline,1,4,0,5,København NV,,,,,,,,,Kongens Lyngby,07:50,Kongens Lyngby,,,,,,,,,17:45,København NV,driving,19.3,267.0,20.8,72,20.6,65.25,25.6,116.0,76,20.6,43.5,"['transit', 'driving', 'driving_reschedule']",0.0,0,0.0,0,0.88576,0,4.0788,5.0,7.260264,8.0,7.260264,8.0,8.0,,5.0,3.0,1.0,15,1.5,151.70625,83.40528000000002,235.11,42.562499999999986,83.40528000000002,270.3765,334.8,0.0,334.8,297.86000000000007,76,373.86,620.7750000000001,0.0,620.78,235.11,0.5357917570498915,1.0,5,sun,,sun,heat,rain,closure,crowded,overshoot,,,rain,,,,,construction,,congestion,,fuel,534.1432423768939,274.80230379852964,373.86,235.11,235.11,620.78,334.8,373.86,235.11,235.11,503.16511711338427,283.599837014507,373.86,235.11,235.11,724.2727210650357,385.1310431603589,409.32468717265374,235.11,235.11,721.2073079886851,376.9768796538448,398.00478939763406,235.11,235.11,620.78,334.8,376.0019923305165,278.55752090531047,264.1074662800044,620.78,334.8,430.9697627334178,235.11,235.11,620.78,334.8,373.86,269.12360875430886,275.81525752002597,620.78,334.8,373.86,235.11,235.11,620.78,334.8,373.86,235.11,235.11,743.894311305912,389.6214664027115,383.1370910804583,235.11,235.11,620.78,334.8,373.86,235.11,235.11,620.78,334.8,373.86,235.11,235.11,620.78,334.8,373.86,235.11,235.11,620.78,334.8,373.86,235.11,235.11,620.78,334.8,373.86,270.03084752527735,281.93776931524803,620.78,334.8,373.86,235.11,235.11,620.78,334.8,373.86,261.00775769744973,277.7111566290509,620.78,334.8,373.86,235.11,235.11,620.78,334.8,373.86,263.5073162314846,275.66401958330897,980.44,32,25,82.4,14
P006,Monday,0,0,0,0,0,0,0,0,0,0,0,0.0,0.0,0.0,0.0,0.0,0.0,0,0,0,0,0,0,0,0.0,0.0,0.0,0.0,0,0,no_commute,0.0,0.0,0.0,0,0.0,0.0,0.0,0.0,0,0.0,0.0,"['cycling', 'transit', 'driving', 'driving_reschedule']",0.0,0,0.0,0,0.0,0,0.0,0.0,0.0,0.0,0.0,0.0,0.0,0.0,0.0,0.0,0.0,0,0.0,0.0,0.0,0.0,0.0,0.0,0.0,0.0,0.0,0.0,0.0,0,0.0,0.0,0.0,0.0,0.0,0.0,0.0,1,sun,,sun,heat,rain,closure,crowded,overshoot,,,rain,,,,,construction,,congestion,,fuel,0.0,0.0,0.0,0.0,0.0,0.0,0.0,0.0,0.0,0.0,0.0,0.0,0.0,0.0,0.0,0.0,0.0,0.0,0.0,0.0,0.0,0.0,0.0,0.0,0.0,0.0,0.0,0.0,0.0,0.0,0.0,0.0,0.0,0.0,0.0,0.0,0.0,0.0,0.0,0.0,0.0,0.0,0.0,0.0,0.0,0.0,0.0,0.0,0.0,0.0,0.0,0.0,0.0,0.0,0.0,0.0,0.0,0.0,0.0,0.0,0.0,0.0,0.0,0.0,0.0,0.0,0.0,0.0,0.0,0.0,0.0,0.0,0.0,0.0,0.0,0.0,0.0,0.0,0.0,0.0,0.0,0.0,0.0,0.0,0.0,0.0,0.0,0.0,0.0,0.0,0.0,0.0,0.0,0.0,0.0,0.0,0.0,0.0,0.0,0.0,346.813,6,4,23.6,8
P006,Tuesday,medium,1,1,diesel,1,6,1,1,København V,,,,,,,,,København S,09:00,København S,,,,,,,,,16:15,København V,driving,5.3,72.2,6.4,22,5.9,30.599999999999998,10.2,44.7,48,5.9,20.4,"['cycling', 'transit', 'driving', 'driving_reschedule']",0.0,0,0.0,0,0.35291999999999996,0,1.0059500000000001,2.0,1.7905910000000003,2.0,1.7905910000000003,2.0,2.0,5.0,4.0,2.0,1.0,5,1.25,59.2875,19.38504,78.67,12.337499999999999,19.38504,82.60350000000001,85.25,0.0,86.73367500000002,97.82625000000002,48,145.83,139.88750000000002,0.0,139.89,78.67,0.40320325409940255,1.0,2,sun,cake,sun,heat,rain,closure,crowded,overshoot,,,rain,,,,,construction,,congestion,,fuel,112.85514307893389,73.56397000679107,145.83,78.67,78.67,159.5837757232942,97.96634364514817,162.96195977917753,78.67,78.67,115.92464929730514,70.89375224173617,145.83,78.67,78.67,162.61082518295837,98.90263171626856,151.77652576870742,78.67,78.67,155.61280203929982,96.41406906095578,158.69563281262984,78.67,78.67,139.89,86.73367500000002,158.3817947478312,92.77985980943976,89.90687981059999,139.89,86.73367500000002,166.51554040131066,78.67,78.67,139.89,86.73367500000002,145.83,93.38645353783741,89.06165672877164,139.89,86.73367500000002,145.83,78.67,78.67,139.89,86.73367500000002,145.83,78.67,78.67,156.58732187601603,99.38881269788236,154.59007688488458,78.67,78.67,139.89,86.73367500000002,145.83,78.67,78.67,139.89,86.73367500000002,145.83,78.67,78.67,139.89,86.73367500000002,145.83,78.67,78.67,139.89,86.73367500000002,145.83,78.67,78.67,139.89,86.73367500000002,145.83,93.37841896228893,91.476984926924,139.89,86.73367500000002,145.83,78.67,78.67,139.89,86.73367500000002,145.83,89.98794742903009,88.49755205556723,139.89,86.73367500000002,145.83,78.67,78.67,139.89,86.73367500000002,145.83,87.87998564153928,90.76966552434773,346.813,6,4,23.6,8
P006,Wednesday,medium,1,1,diesel,1,6,1,1,København V,,,,,,,,,København S,10:00,København S,,,,,,,,,15:00,København V,driving,5.3,72.2,6.4,22,5.9,30.599999999999998,10.2,44.7,48,5.9,20.4,"['cycling', 'transit', 'driving', 'driving_reschedule']",0.0,0,0.0,0,0.35291999999999996,0,1.0059500000000001,2.0,1.7905910000000003,2.0,1.7905910000000003,2.0,2.0,5.0,4.0,2.0,1.0,5,1.25,59.2875,19.38504,78.67,12.337499999999999,19.38504,82.60350000000001,85.25,0.0,86.73367500000002,97.82625000000002,48,145.83,139.88750000000002,0.0,139.89,78.67,0.40320325409940255,1.0,3,sun,,sun,heat,rain,closure,crowded,overshoot,,,rain,,exercise,,,construction,,congestion,,fuel,113.67262511540036,75.79230615941223,145.83,78.67,78.67,139.89,86.73367500000002,145.83,78.67,78.67,121.08749458259031,74.748771820429,145.83,78.67,78.67,167.6096643898385,98.8488334186766,156.76527664104594,78.67,78.67,163.192024925799,96.76610644680828,157.98895195161896,78.67,78.67,139.89,86.73367500000002,158.72757213310433,92.6268732562972,87.59995941663415,139.89,86.73367500000002,165.23125226116426,78.67,78.67,139.89,86.73367500000002,145.83,92.81781339288926,91.54515224760888,139.89,86.73367500000002,145.83,78.67,78.67,139.89,86.73367500000002,145.83,78.67,78.67,165.67100428699013,102.8652411399856,151.36230265210318,78.67,78.67,139.89,86.73367500000002,145.83,78.67,78.67,139.89,75.95938831716907,145.83,78.67,78.67,139.89,86.73367500000002,145.83,78.67,78.67,139.89,86.73367500000002,145.83,78.67,78.67,139.89,86.73367500000002,145.83,93.05127886514997,90.49290064484295,139.89,86.73367500000002,145.83,78.67,78.67,139.89,86.73367500000002,145.83,89.46330958635752,92.3654344693905,139.89,86.73367500000002,145.83,78.67,78.67,139.89,86.73367500000002,145.83,91.79024762858742,87.52854423598788,346.813,6,4,23.6,8
P006,Thursday,medium,1,1,diesel,1,6,1,1,København V,,,,,,,,,København S,10:00,København S,,,,,,,,,18:30,København V,driving,5.3,72.2,6.4,22,5.9,30.599999999999998,10.2,44.7,48,5.9,20.4,"['cycling', 'transit', 'driving', 'driving_reschedule']",0.0,0,0.0,0,0.35291999999999996,0,1.0059500000000001,2.0,1.7905910000000003,2.0,1.7905910000000003,2.0,2.0,5.0,4.0,2.0,1.0,5,1.25,59.2875,19.38504,78.67,12.337499999999999,19.38504,82.60350000000001,85.25,0.0,86.73367500000002,97.82625000000002,48,145.83,139.88750000000002,0.0,139.89,78.67,0.40320325409940255,1.0,4,sun,,sun,heat,rain,closure,crowded,overshoot,exercise,,rain,,,,,construction,,congestion,,fuel,116.23869152651437,70.6777127616625,145.83,78.67,78.67,139.89,86.73367500000002,145.83,78.67,78.67,112.48892210030697,74.76522224089149,145.83,78.67,78.67,165.08421266126095,97.13027576984638,158.6139191960805,78.67,78.67,164.72300829668052,102.62180604677008,155.20430120638352,78.67,78.67,139.89,86.73367500000002,149.45859099055065,91.89522255076793,87.32576573477267,139.89,86.73367500000002,166.22222579836938,78.67,78.67,139.89,86.73367500000002,145.83,88.37977247989494,93.18434260827338,139.89,69.67018765708221,145.83,78.67,78.67,139.89,86.73367500000002,145.83,78.67,78.67,164.4323721593952,100.02961232137054,148.81991399519177,78.67,78.67,139.89,86.73367500000002,145.83,78.67,78.67,139.89,86.73367500000002,145.83,78.67,78.67,139.89,86.73367500000002,145.83,78.67,78.67,139.89,86.73367500000002,145.83,78.67,78.67,139.89,86.73367500000002,145.83,94.32423280080295,87.6451795273645,139.89,86.73367500000002,145.83,78.67,78.67,139.89,86.73367500000002,145.83,92.17226818011748,88.57946715636855,139.89,86.73367500000002,145.83,78.67,78.67,139.89,86.73367500000002,145.83,93.23162893811474,88.16761665296623,346.813,6,4,23.6,8
P006,Friday,medium,1,1,diesel,1,6,1,1,København V,,,,,,,,,København S,08:45,København S,,,,,,,,,17:00,København V,transit,5.3,72.2,6.4,22,5.9,30.599999999999998,10.2,44.7,48,5.9,20.4,"['cycling', 'transit', 'driving', 'driving_reschedule']",0.0,0,0.0,0,0.35291999999999996,0,1.0059500000000001,2.0,1.7905910000000003,2.0,0.35291999999999996,0.0,2.0,5.0,4.0,2.0,1.0,5,1.25,59.2875,19.38504,78.67,12.337499999999999,19.38504,82.60350000000001,85.25,0.0,86.73367500000002,97.82625000000002,48,70.803,139.88750000000002,0.0,139.89,70.803,0.40320325409940255,1.853692640142367,5,sun,,sun,heat,rain,closure,crowded,overshoot,,,rain,,,,,construction,,congestion,,fuel,114.77052853436747,71.58453361700526,70.803,78.67,78.67,139.89,86.73367500000002,70.803,78.67,78.67,113.74336191981122,70.06052735877628,70.803,78.67,78.67,157.23684479157566,98.04610168848751,74.58138443483618,78.67,78.67,164.2481777618968,100.84635093492345,74.78968057582678,78.67,78.67,139.89,86.73367500000002,76.11343209970352,92.76606464987016,93.3436885754907,139.89,86.73367500000002,82.47907198523286,78.67,78.67,139.89,86.73367500000002,70.803,92.52973329677238,88.26640215963637,139.89,86.73367500000002,70.803,78.67,78.67,139.89,86.73367500000002,70.803,78.67,78.67,162.6006793928674,103.4907871560799,72.17985001424864,78.67,78.67,139.89,86.73367500000002,70.803,78.67,78.67,139.89,86.73367500000002,70.803,78.67,78.67,139.89,86.73367500000002,70.803,78.67,78.67,139.89,86.73367500000002,70.803,78.67,78.67,139.89,86.73367500000002,70.803,93.40311370099992,88.32688450707455,139.89,86.73367500000002,70.803,78.67,78.67,139.89,86.73367500000002,70.803,93.14357079886317,94.25353586940258,139.89,86.73367500000002,70.803,78.67,78.67,139.89,86.73367500000002,70.803,87.46330317254518,92.14734431459725,346.813,6,4,23.6,8
P007,Monday,0,0,0,0,0,0,0,0,0,0,0,0.0,0.0,0.0,0.0,0.0,0.0,0,0,0,0,0,0,0,0.0,0.0,0.0,0.0,0,0,no_commute,0.0,0.0,0.0,0,0.0,0.0,0.0,0.0,0,0.0,0.0,"['cycling', 'transit', 'driving', 'driving_reschedule']",0.0,0,0.0,0,0.0,0,0.0,0.0,0.0,0.0,0.0,0.0,0.0,0.0,0.0,0.0,0.0,0,0.0,0.0,0.0,0.0,0.0,0.0,0.0,0.0,0.0,0.0,0.0,0,0.0,0.0,0.0,0.0,0.0,0.0,0.0,1,sun,,sun,heat,rain,closure,crowded,overshoot,,,rain,,,,,construction,,congestion,,fuel,0.0,0.0,0.0,0.0,0.0,0.0,0.0,0.0,0.0,0.0,0.0,0.0,0.0,0.0,0.0,0.0,0.0,0.0,0.0,0.0,0.0,0.0,0.0,0.0,0.0,0.0,0.0,0.0,0.0,0.0,0.0,0.0,0.0,0.0,0.0,0.0,0.0,0.0,0.0,0.0,0.0,0.0,0.0,0.0,0.0,0.0,0.0,0.0,0.0,0.0,0.0,0.0,0.0,0.0,0.0,0.0,0.0,0.0,0.0,0.0,0.0,0.0,0.0,0.0,0.0,0.0,0.0,0.0,0.0,0.0,0.0,0.0,0.0,0.0,0.0,0.0,0.0,0.0,0.0,0.0,0.0,0.0,0.0,0.0,0.0,0.0,0.0,0.0,0.0,0.0,0.0,0.0,0.0,0.0,0.0,0.0,0.0,0.0,0.0,0.0,1334.02,28,22,73.6,13
P007,Tuesday,low,1,1,gasoline,1,15,0,3,København SV,Frederiksberg,sport,,,,,,,København K,08:45,København K,,,,,,,,,17:00,København SV,driving,18.0,247.2,20.4,64,22.0,132.075,24.6,93.7,48,22.0,88.05,"['cycling', 'transit', 'driving', 'driving_reschedule']",0.0,0,0.0,0,0.85116,0,4.356,5.0,7.75368,8.0,7.75368,8.0,8.0,5.0,4.0,2.0,1.0,25,1.5,307.07437500000003,89.07360000000001,396.15,160.09125,89.07360000000001,455.57249999999993,297.6,0.0,523.9083749999999,244.91250000000002,48,523.9083749999999,574.74,0.0,574.74,396.15,0.6289536791619337,1.0,2,sun,,sun,heat,rain,closure,crowded,overshoot,,,rain,,,,,construction,,congestion,,fuel,507.64204336429344,452.9791114229783,523.9083749999999,396.15,396.15,574.74,523.9083749999999,523.9083749999999,396.15,396.15,475.4681578560553,432.7921576850522,523.9083749999999,396.15,396.15,643.1852284444475,627.8306745008392,528.3025725095764,396.15,396.15,679.9497692401657,616.3369566351463,575.8327575763278,396.15,396.15,574.74,523.9083749999999,557.9379500239422,456.38458796344196,444.3683920874403,574.74,523.9083749999999,619.4122670560689,396.15,396.15,574.74,523.9083749999999,523.9083749999999,459.2079477847198,442.51137321174997,574.74,523.9083749999999,523.9083749999999,396.15,396.15,574.74,523.9083749999999,523.9083749999999,396.15,396.15,646.701262234044,593.5527324491015,574.016377779329,396.15,396.15,574.74,523.9083749999999,523.9083749999999,396.15,396.15,574.74,523.9083749999999,523.9083749999999,396.15,396.15,574.74,523.9083749999999,523.9083749999999,396.15,396.15,574.74,523.9083749999999,523.9083749999999,396.15,396.15,574.74,523.9083749999999,523.9083749999999,448.8803766916748,455.56276985742494,574.74,523.9083749999999,523.9083749999999,396.15,396.15,574.74,523.9083749999999,523.9083749999999,453.9363659093155,445.5984946968211,574.74,523.9083749999999,523.9083749999999,396.15,396.15,574.74,523.9083749999999,523.9083749999999,452.70326675827573,450.79961157805707,1334.02,28,22,73.6,13
P007,Wednesday,low,1,1,gasoline,1,15,0,3,København SV,,,,,,,,,København K,08:45,København K,,,,,,,,,17:00,København SV,driving,11.6,157.2,12.4,38,14.8,82.125,13.8,50.3,48,14.8,54.75,"['cycling', 'transit', 'driving', 'driving_reschedule']",0.0,0,0.0,0,0.47748,0,2.9304,3.0,5.216112,6.0,5.216112,6.0,6.0,5.0,4.0,2.0,1.0,15,1.5,190.940625,59.922240000000016,250.86,101.71874999999999,59.922240000000016,288.489,176.7,0.0,331.76234999999997,132.1275,48,331.76234999999997,365.49,0.0,365.49,250.86,0.6443434585027504,1.0,3,sun,,sun,heat,rain,closure,crowded,overshoot,,,rain,,,,,construction,,congestion,,fuel,297.16596045563654,272.3338969205559,331.76234999999997,250.86,250.86,365.49,331.76234999999997,331.76234999999997,250.86,250.86,302.8585850548761,279.3249449759989,331.76234999999997,250.86,250.86,429.84645120688083,378.47352568654077,363.1794201281669,250.86,250.86,426.3243458660573,372.2369712407445,333.0684763092321,250.86,250.86,365.49,331.76234999999997,336.9643836568345,292.77704056297256,294.4409261337799,365.49,331.76234999999997,373.9993516152862,250.86,250.86,365.49,331.76234999999997,331.76234999999997,278.8845211640401,293.8710101578209,365.49,331.76234999999997,331.76234999999997,250.86,250.86,365.49,331.76234999999997,331.76234999999997,250.86,250.86,418.5170824462515,394.77068599625767,342.58789930774543,250.86,250.86,365.49,331.76234999999997,331.76234999999997,250.86,250.86,365.49,331.76234999999997,331.76234999999997,250.86,250.86,365.49,331.76234999999997,331.76234999999997,250.86,250.86,365.49,331.76234999999997,331.76234999999997,250.86,250.86,365.49,331.76234999999997,331.76234999999997,293.3559091418652,285.48424552161885,365.49,331.76234999999997,331.76234999999997,250.86,250.86,365.49,331.76234999999997,331.76234999999997,297.7945791409619,283.65062549568785,365.49,331.76234999999997,331.76234999999997,250.86,250.86,365.49,331.76234999999997,331.76234999999997,292.05897657141725,278.7181913781978,1334.02,28,22,73.6,13
P007,Thursday,low,1,1,gasoline,1,15,0,3,København SV,Frederiksberg,sport,,,,,,,København K,08:45,København K,,,,,,,,,17:00,København SV,driving,18.0,247.2,20.4,64,22.0,132.075,24.6,93.7,48,22.0,88.05,"['cycling', 'transit', 'driving', 'driving_reschedule']",0.0,0,0.0,0,0.85116,0,4.356,5.0,7.75368,8.0,7.75368,8.0,8.0,5.0,4.0,2.0,1.0,25,1.5,307.07437500000003,89.07360000000001,396.15,160.09125,89.07360000000001,455.57249999999993,297.6,0.0,523.9083749999999,244.91250000000002,48,523.9083749999999,574.74,0.0,574.74,396.15,0.6289536791619337,1.0,4,sun,,sun,heat,rain,closure,crowded,overshoot,,,rain,,,cake,,construction,,congestion,,fuel,475.9795502449848,438.93802283466476,523.9083749999999,396.15,396.15,574.74,523.9083749999999,523.9083749999999,396.15,396.15,503.70795300015465,455.2510612056741,523.9083749999999,396.15,396.15,664.462861680457,611.9730654731712,538.7510398287029,396.15,396.15,639.3791882216718,600.0823938430647,570.328348667675,396.15,396.15,574.74,523.9083749999999,565.3806971769392,467.50378658949785,472.17257788597743,574.74,523.9083749999999,624.2465780920753,396.15,396.15,574.74,523.9083749999999,523.9083749999999,445.1518869226081,456.32183187099264,574.74,523.9083749999999,523.9083749999999,396.15,396.15,574.74,523.9083749999999,523.9083749999999,396.15,396.15,651.9908669867328,608.153510005477,539.2675457699378,396.15,396.15,574.74,523.9083749999999,523.9083749999999,396.15,396.15,574.74,523.9083749999999,523.9083749999999,396.15,396.15,653.9253374704363,584.3502258685878,583.6337462194637,396.15,396.15,574.74,523.9083749999999,523.9083749999999,396.15,396.15,574.74,523.9083749999999,523.9083749999999,452.4908985392927,459.34054822993255,574.74,523.9083749999999,523.9083749999999,396.15,396.15,574.74,523.9083749999999,523.9083749999999,465.07454444238596,450.66130830212035,574.74,523.9083749999999,523.9083749999999,396.15,396.15,574.74,523.9083749999999,523.9083749999999,445.14218804278465,442.47876109400715,1334.02,28,22,73.6,13
P007,Friday,low,1,1,gasoline,1,15,0,3,København SV,,,,,,,,,København K,07:45,København K,,,,,,,,,16:45,København SV,driving,11.6,157.2,12.4,38,14.8,82.125,13.8,50.3,48,14.8,54.75,"['cycling', 'transit', 'driving', 'driving_reschedule']",0.0,0,0.0,0,0.47748,0,2.9304,3.0,5.216112,6.0,5.216112,6.0,6.0,5.0,4.0,2.0,1.0,15,1.5,190.940625,59.922240000000016,250.86,101.71874999999999,59.922240000000016,288.489,176.7,0.0,331.76234999999997,132.1275,48,331.76234999999997,365.49,0.0,365.49,250.86,0.6443434585027504,1.0,5,sun,,sun,heat,rain,closure,crowded,overshoot,,exercise,rain,,,,exercise,construction,,congestion,,fuel,309.9367803881736,276.02405945342707,331.76234999999997,250.86,250.86,365.49,331.76234999999997,331.76234999999997,250.86,250.86,320.62626928797107,266.10728311242855,331.76234999999997,250.86,250.86,434.63259544453706,391.5263176301823,337.09855720058283,250.86,250.86,416.21158249240966,386.4897550488387,338.5221712149199,250.86,250.86,365.49,331.76234999999997,343.8790476546722,296.81661820125385,278.7100948133292,365.49,331.76234999999997,389.1799271784462,250.86,250.86,365.49,331.76234999999997,331.76234999999997,293.6435900078591,295.9920652531259,365.49,331.76234999999997,331.76234999999997,250.86,250.86,365.49,272.4689672481483,331.76234999999997,250.86,250.86,419.35660394804194,381.6158267847994,356.1109894638945,250.86,250.86,365.49,331.76234999999997,331.76234999999997,250.86,250.86,365.49,331.76234999999997,331.76234999999997,250.86,250.86,365.49,331.76234999999997,331.76234999999997,250.86,250.86,365.49,283.78189388968406,331.76234999999997,250.86,250.86,365.49,331.76234999999997,331.76234999999997,300.3330603300035,293.19126982140455,365.49,331.76234999999997,331.76234999999997,250.86,250.86,365.49,331.76234999999997,331.76234999999997,286.28526932297194,296.65720890856414,365.49,331.76234999999997,331.76234999999997,250.86,250.86,365.49,331.76234999999997,331.76234999999997,283.6534306361672,290.1227698240896,1334.02,28,22,73.6,13
P008,Monday,0,0,0,0,0,0,0,0,0,0,0,0.0,0.0,0.0,0.0,0.0,0.0,0,0,0,0,0,0,0,0.0,0.0,0.0,0.0,0,0,no_commute,0.0,0.0,0.0,0,0.0,0.0,0.0,0.0,0,0.0,0.0,"['cycling', 'transit', 'driving', 'driving_reschedule']",0.0,0,0.0,0,0.0,0,0.0,0.0,0.0,0.0,0.0,0.0,0.0,0.0,0.0,0.0,0.0,0,0.0,0.0,0.0,0.0,0.0,0.0,0.0,0.0,0.0,0.0,0.0,0,0.0,0.0,0.0,0.0,0.0,0.0,0.0,1,sun,,sun,heat,rain,closure,crowded,overshoot,,,rain,,,,,construction,,congestion,,fuel,0.0,0.0,0.0,0.0,0.0,0.0,0.0,0.0,0.0,0.0,0.0,0.0,0.0,0.0,0.0,0.0,0.0,0.0,0.0,0.0,0.0,0.0,0.0,0.0,0.0,0.0,0.0,0.0,0.0,0.0,0.0,0.0,0.0,0.0,0.0,0.0,0.0,0.0,0.0,0.0,0.0,0.0,0.0,0.0,0.0,0.0,0.0,0.0,0.0,0.0,0.0,0.0,0.0,0.0,0.0,0.0,0.0,0.0,0.0,0.0,0.0,0.0,0.0,0.0,0.0,0.0,0.0,0.0,0.0,0.0,0.0,0.0,0.0,0.0,0.0,0.0,0.0,0.0,0.0,0.0,0.0,0.0,0.0,0.0,0.0,0.0,0.0,0.0,0.0,0.0,0.0,0.0,0.0,0.0,0.0,0.0,0.0,0.0,0.0,0.0,700.364,8,6,42.8,10
P008,Tuesday,medium,2,1,diesel,1,20,0,1,Frederiksberg,,,,,,,,,Indre By,07:33,Indre By,,,,,,,,,17:00,Frederiksberg,driving,10.0,137.5,11.0,40,10.7,71.55000000000001,9.2,43.7,48,10.7,47.7,"['cycling', 'transit', 'driving', 'driving_reschedule']",0.0,0,0.0,0,0.31832,0,1.82435,2.0,3.247343,4.0,3.247343,4.0,4.0,5.0,4.0,2.0,1.0,15,1.25,138.628125,35.155919999999995,173.78,78.85625,35.155919999999995,182.46900000000002,155.0,0.0,191.59245000000004,94.78875000000001,48,191.59245000000004,266.40625,0.0,266.41,173.78,0.6560593854298539,1.0,2,sun,cake,sun,heat,rain,closure,crowded,overshoot,,,rain,exercise,,,,construction,,congestion,,fuel,218.3212970947197,165.15509525828656,191.59245000000004,173.78,173.78,310.0573788147721,214.42465950889635,223.64529354744647,173.78,173.78,224.8583754101325,157.8689850178011,191.59245000000004,173.78,173.78,302.68141149414765,214.80689988847635,196.42808358215942,173.78,173.78,310.1058907658087,229.0046656190042,199.43883494766388,173.78,173.78,266.41,191.59245000000004,207.4269620745695,201.05051891066125,202.22581797059345,266.41,191.59245000000004,222.157207046991,173.78,173.78,266.41,191.59245000000004,191.59245000000004,196.98367925321696,198.26842892688796,266.41,191.59245000000004,191.59245000000004,173.78,173.78,266.41,191.59245000000004,191.59245000000004,173.78,173.78,314.6524453742059,222.93901438246237,208.26540028029027,173.78,173.78,266.41,168.9648713865136,191.59245000000004,173.78,173.78,266.41,191.59245000000004,191.59245000000004,173.78,173.78,266.41,191.59245000000004,191.59245000000004,173.78,173.78,266.41,191.59245000000004,191.59245000000004,173.78,173.78,266.41,191.59245000000004,191.59245000000004,193.70491998841123,199.00153395911687,266.41,191.59245000000004,191.59245000000004,173.78,173.78,266.41,191.59245000000004,191.59245000000004,208.25491716558832,201.04633180732003,266.41,191.59245000000004,191.59245000000004,173.78,173.78,266.41,191.59245000000004,191.59245000000004,194.95144142794902,193.45606453452177,700.364,8,6,42.8,10
P008,Wednesday,medium,2,1,diesel,1,20,0,1,Frederiksberg,,,,,,,,,Indre By,07:33,Indre By,,,,,,,,,17:00,Frederiksberg,driving,10.0,137.5,11.0,40,10.7,71.55000000000001,9.2,43.7,48,10.7,47.7,"['cycling', 'transit', 'driving', 'driving_reschedule']",0.0,0,0.0,0,0.31832,0,1.82435,2.0,3.247343,4.0,3.247343,4.0,4.0,5.0,4.0,2.0,1.0,15,1.25,138.628125,35.155919999999995,173.78,78.85625,35.155919999999995,182.46900000000002,155.0,0.0,191.59245000000004,94.78875000000001,48,191.59245000000004,266.40625,0.0,266.41,173.78,0.6560593854298539,1.0,3,sun,,sun,heat,rain,closure,crowded,overshoot,,,rain,,,,,construction,,congestion,,fuel,217.16804694160334,159.44595087526247,191.59245000000004,173.78,173.78,266.41,191.59245000000004,191.59245000000004,173.78,173.78,235.51115898965804,155.41753833004495,191.59245000000004,173.78,173.78,305.0587047124575,213.53441990624123,205.97903836967808,173.78,173.78,312.25145992036596,226.45195503194748,201.57016517188418,173.78,173.78,266.41,191.59245000000004,201.10942141720543,203.92516811938953,201.61920335224326,266.41,191.59245000000004,217.159041086202,173.78,173.78,266.41,191.59245000000004,191.59245000000004,208.01818551959744,197.71635663536858,266.41,191.59245000000004,191.59245000000004,173.78,173.78,266.41,191.59245000000004,191.59245000000004,173.78,173.78,296.5106676729574,215.6135663109891,207.6182072346364,173.78,173.78,266.41,191.59245000000004,191.59245000000004,173.78,173.78,266.41,191.59245000000004,191.59245000000004,173.78,173.78,266.41,191.59245000000004,191.59245000000004,173.78,173.78,266.41,191.59245000000004,191.59245000000004,173.78,173.78,266.41,191.59245000000004,191.59245000000004,195.24524725552203,198.06518968989508,266.41,191.59245000000004,191.59245000000004,173.78,173.78,266.41,191.59245000000004,191.59245000000004,207.39186828709506,207.5720235950248,266.41,191.59245000000004,191.59245000000004,173.78,173.78,266.41,191.59245000000004,191.59245000000004,196.39944071824993,195.10816001255736,700.364,8,6,42.8,10
P008,Thursday,medium,2,1,diesel,1,20,0,1,Frederiksberg,,,,,,,,,Indre By,07:33,Indre By,,,,,,,,,17:00,Frederiksberg,transit,10.0,137.5,11.0,40,10.7,71.55000000000001,9.2,43.7,48,10.7,47.7,"['cycling', 'transit', 'driving', 'driving_reschedule']",0.0,0,0.0,0,0.31832,0,1.82435,2.0,3.247343,4.0,0.31832,0.0,4.0,5.0,4.0,2.0,1.0,15,1.25,138.628125,35.155919999999995,173.78,78.85625,35.155919999999995,182.46900000000002,155.0,0.0,191.59245000000004,94.78875000000001,48,156.40200000000002,266.40625,0.0,266.41,156.40200000000002,0.6560593854298539,0.8216710783749568,4,sun,,sun,heat,rain,closure,crowded,overshoot,,,rain,,,,,construction,,congestion,,fuel,223.70291680612854,153.81508864319713,156.40200000000002,173.78,173.78,266.41,191.59245000000004,156.40200000000002,173.78,173.78,233.95436241257784,156.66350459643004,156.40200000000002,173.78,173.78,296.0830669156107,227.99180676780637,158.73786997757233,173.78,173.78,313.85239744867744,219.50442724737147,156.85699928549172,173.78,173.78,266.41,191.59245000000004,160.74532914545406,194.1146298252869,207.9562085613435,266.41,191.59245000000004,180.8292203405936,173.78,173.78,266.41,191.59245000000004,156.40200000000002,196.0314027319725,200.43980903859898,266.41,191.59245000000004,156.40200000000002,173.78,173.78,266.41,191.59245000000004,156.40200000000002,173.78,173.78,318.4315358088956,229.9077547618688,166.28593603242518,173.78,173.78,266.41,191.59245000000004,156.40200000000002,173.78,173.78,266.41,191.59245000000004,156.40200000000002,173.78,173.78,266.41,191.59245000000004,156.40200000000002,173.78,173.78,266.41,191.59245000000004,156.40200000000002,173.78,173.78,266.41,191.59245000000004,156.40200000000002,195.79990985708685,206.4127258067974,266.41,191.59245000000004,156.40200000000002,173.78,173.78,266.41,191.59245000000004,156.40200000000002,196.58843348488244,196.6812204449158,266.41,191.59245000000004,156.40200000000002,173.78,173.78,266.41,191.59245000000004,156.40200000000002,195.81930333249167,194.99485872559706,700.364,8,6,42.8,10
P008,Friday,medium,2,1,diesel,1,20,0,1,Frederiksberg,,,,,,,,,Indre By,07:33,Indre By,,,,,,,,,17:00,Frederiksberg,transit,10.0,137.5,11.0,40,10.7,71.55000000000001,9.2,43.7,48,10.7,47.7,"['cycling', 'transit', 'driving', 'driving_reschedule']",0.0,0,0.0,0,0.31832,0,1.82435,2.0,3.247343,4.0,0.31832,0.0,4.0,5.0,4.0,2.0,1.0,15,1.25,138.628125,35.155919999999995,173.78,78.85625,35.155919999999995,182.46900000000002,155.0,0.0,191.59245000000004,94.78875000000001,48,156.40200000000002,266.40625,0.0,266.41,156.40200000000002,0.6560593854298539,0.8216710783749568,5,sun,,sun,heat,rain,closure,crowded,overshoot,,,rain,,,,exercise,construction,,congestion,,fuel,220.60315878292334,156.9749264863188,156.40200000000002,173.78,173.78,266.41,191.59245000000004,156.40200000000002,173.78,173.78,220.18510893115248,168.84584722168125,156.40200000000002,173.78,173.78,303.1052913481769,221.304182434959,164.078467651148,173.78,173.78,302.2192726289327,229.05352305497686,163.0596840038163,173.78,173.78,266.41,191.59245000000004,168.3309697521852,196.70923856420947,204.20691782850741,266.41,191.59245000000004,178.7920543765945,173.78,173.78,266.41,191.59245000000004,156.40200000000002,193.56996863795734,198.23020916988318,266.41,191.59245000000004,156.40200000000002,173.78,173.78,266.41,191.59245000000004,156.40200000000002,173.78,173.78,302.36277009581175,219.20477179883926,164.44918939243706,173.78,173.78,266.41,191.59245000000004,156.40200000000002,173.78,173.78,266.41,191.59245000000004,156.40200000000002,173.78,173.78,266.41,191.59245000000004,156.40200000000002,173.78,173.78,266.41,153.42795892767896,156.40200000000002,173.78,173.78,266.41,191.59245000000004,156.40200000000002,200.90389299737876,207.9746328794224,266.41,191.59245000000004,156.40200000000002,173.78,173.78,266.41,191.59245000000004,156.40200000000002,201.65941446631209,198.63931615846113,266.41,191.59245000000004,156.40200000000002,173.78,173.78,266.41,191.59245000000004,156.40200000000002,197.88295682923183,206.4921170755616,700.364,8,6,42.8,10
P009,Monday,high,3,1,gasoline,1,15,0,2,København N,,,,,,,,,København Ø,07:33,København Ø,,,,,,,,,17:00,København N,driving,4.5,62.5,5.8,18,5.3,36.900000000000006,8.0,41.4,48,5.3,24.6,"['cycling', 'transit', 'driving', 'driving_reschedule']",0.0,0,0.0,0,0.2768,0,1.0494,2.0,1.8679320000000001,2.0,1.8679320000000001,2.0,2.0,5.0,4.0,2.0,1.0,5,1.0,57.19500000000001,21.458640000000003,78.65,9.780000000000001,21.458640000000003,78.65,55.800000000000004,0.0,78.65,72.97,48,120.97,96.875,0.0,96.88,78.65,0.39720279720279716,1.0,1,sun,,sun,heat,rain,closure,crowded,overshoot,,,rain,,,,,construction,,congestion,,fuel,82.03812306144414,64.90074839316225,120.97,78.65,78.65,96.88,78.65,120.97,78.65,78.65,82.18761497987646,64.05049925056389,120.97,78.65,78.65,115.65926738980953,87.57238656393784,128.41536358583778,78.65,78.65,111.34214781395258,91.62161496340441,129.0488146060926,78.65,78.65,96.88,78.65,129.4373456360117,87.68547258662447,91.85347420380234,96.88,78.65,135.18842518568684,78.65,78.65,96.88,78.65,120.97,94.27899692400761,93.6701714754917,96.88,78.65,120.97,78.65,78.65,96.88,78.65,120.97,78.65,78.65,114.52733613456041,88.06629045194958,121.05770888220289,78.65,78.65,96.88,78.65,120.97,78.65,78.65,96.88,78.65,120.97,78.65,78.65,96.88,78.65,120.97,78.65,78.65,96.88,78.65,120.97,78.65,78.65,96.88,78.65,120.97,92.25407218569553,89.95556523218454,96.88,78.65,120.97,78.65,78.65,96.88,78.65,120.97,91.70586502804854,90.65373911711136,96.88,78.65,120.97,78.65,78.65,96.88,78.65,120.97,93.22739270361605,90.40010801205861,447.2255,6,4,28.299999999999997,8
P009,Tuesday,high,3,1,gasoline,1,15,0,2,København N,,,,,,,,,København Ø,07:40,København Ø,København NV,shopping,,,,,,,14:00,København N,cycling,5.4,74.7,6.8,22,7.1,47.025000000000006,9.1,50.7,48,7.1,31.35,"['cycling', 'transit', 'driving', 'driving_reschedule']",0.0,0,0.0,0,0.31486,0,1.4058,2.0,2.5023239999999998,3.0,0.0,0.0,3.0,5.0,4.0,2.0,1.0,10,1.0,72.88875000000002,28.746480000000005,101.64,25.8925,28.746480000000005,101.64,68.2,0.0,96.55799999999999,88.59500000000001,48,136.6,115.78500000000001,0.0,115.79,96.55799999999999,0.5375836284927195,0.670995670995671,2,sun,,sun,heat,rain,closure,crowded,overshoot,,,rain,exercise,,,,construction,cake,congestion,,fuel,96.88463617605869,81.11097648086103,136.6,101.64,101.64,115.79,96.55799999999999,136.6,101.64,101.64,92.73745685311802,85.47952076586661,136.6,101.64,101.64,129.08582904914468,111.58660402276769,140.45579440404876,101.64,101.64,137.749937146812,110.87622700229281,136.7037613224063,101.64,101.64,115.79,96.55799999999999,149.944094200624,120.15568127750475,117.56906710228868,115.79,96.55799999999999,159.34674653536143,101.64,101.64,115.79,96.55799999999999,136.6,121.3913681712316,118.12439848456599,115.79,96.55799999999999,136.6,101.64,101.64,115.79,96.55799999999999,136.6,101.64,101.64,129.70734476585204,113.26907703674655,145.65469615072672,101.64,101.64,115.79,82.33266491621596,136.6,101.64,101.64,115.79,96.55799999999999,136.6,101.64,101.64,115.79,96.55799999999999,136.6,101.64,101.64,115.79,96.55799999999999,136.6,101.64,101.64,115.79,96.55799999999999,136.6,121.78865477068541,117.11791802453082,132.2049609944815,111.03324016406755,153.5662287228807,101.64,101.64,115.79,96.55799999999999,136.6,117.70724993374746,120.71783004397214,115.79,96.55799999999999,136.6,101.64,101.64,115.79,96.55799999999999,136.6,118.10362823359411,114.4042565512185,447.2255,6,4,28.299999999999997,8
P009,Wednesday,high,3,1,gasoline,1,15,0,2,København N,,,,,,,,,København Ø,07:40,København Ø,,,,,,,,,14:00,København N,driving,4.5,62.5,5.8,18,5.3,36.900000000000006,8.0,41.4,48,5.3,24.6,"['cycling', 'transit', 'driving', 'driving_reschedule']",0.0,0,0.0,0,0.2768,0,1.0494,2.0,1.8679320000000001,2.0,1.8679320000000001,2.0,2.0,5.0,4.0,2.0,1.0,5,1.0,57.19500000000001,21.458640000000003,78.65,9.780000000000001,21.458640000000003,78.65,55.800000000000004,0.0,78.65,72.97,48,120.97,96.875,0.0,96.88,78.65,0.39720279720279716,1.0,3,sun,,sun,heat,rain,closure,crowded,overshoot,,,rain,,exercise,,,construction,,congestion,,fuel,79.2805944004148,67.63555993426682,120.97,78.65,78.65,96.88,78.65,120.97,78.65,78.65,82.97893891233325,69.49391411914758,120.97,78.65,78.65,115.03047699537434,89.53354135695201,121.33640729423952,78.65,78.65,110.54494104440741,89.6837730159236,130.61663586838807,78.65,78.65,96.88,78.65,125.19614438773067,94.23036740140546,88.3743594938283,96.88,78.65,142.52730791086952,78.65,78.65,96.88,78.65,120.97,91.00077448683409,88.06616773299976,96.88,78.65,120.97,78.65,78.65,96.88,78.65,120.97,78.65,78.65,115.34700880739597,89.70014570212103,131.05722291379263,78.65,78.65,96.88,78.65,120.97,78.65,78.65,96.88,66.97006347488065,120.97,78.65,78.65,96.88,78.65,120.97,78.65,78.65,96.88,78.65,120.97,78.65,78.65,96.88,78.65,120.97,94.248121736408,94.16598444275097,96.88,78.65,120.97,78.65,78.65,96.88,78.65,120.97,90.72103874447416,89.29520667986506,96.88,78.65,120.97,78.65,78.65,96.88,78.65,120.97,87.33055488636926,87.93258408596715,447.2255,6,4,28.299999999999997,8
P009,Saturday,high,3,1,gasoline,1,15,0,2,København N,,,,,,,,,København Ø,07:40,København Ø,,,,,,,,,14:00,København N,driving,4.5,62.5,5.8,18,5.3,36.900000000000006,8.0,41.4,48,5.3,24.6,"['cycling', 'transit', 'driving', 'driving_reschedule']",0.0,0,0.0,0,0.2768,0,1.0494,2.0,1.8679320000000001,2.0,1.8679320000000001,2.0,2.0,5.0,4.0,2.0,1.0,5,1.0,57.19500000000001,21.458640000000003,78.65,9.780000000000001,21.458640000000003,78.65,55.800000000000004,0.0,78.65,72.97,48,120.97,96.875,0.0,96.88,78.65,0.39720279720279716,1.0,4,sun,,sun,heat,rain,closure,crowded,overshoot,,,rain,,,,,construction,,congestion,,fuel,85.30923219698806,68.99094929737159,120.97,78.65,78.65,96.88,78.65,120.97,78.65,78.65,84.6880771376818,65.4609811849564,120.97,78.65,78.65,108.0647913261755,89.36878180908596,128.99938150946696,78.65,78.65,115.63395077858122,88.32161238888739,121.80644528565365,78.65,78.65,96.88,78.65,132.94201219313487,88.66993412398061,94.27214075079253,96.88,78.65,139.0340732150306,78.65,78.65,96.88,78.65,120.97,93.65851031436094,94.22164204280907,96.88,78.65,120.97,78.65,78.65,96.88,78.65,120.97,78.65,78.65,109.94674303509582,92.46900292737509,130.92450215534922,78.65,78.65,96.88,78.65,120.97,78.65,78.65,96.88,78.65,120.97,78.65,78.65,96.88,78.65,120.97,78.65,78.65,96.88,78.65,120.97,78.65,78.65,96.88,78.65,120.97,88.36435839925883,88.94026245742404,96.88,78.65,120.97,78.65,78.65,96.88,78.65,120.97,93.07402650529927,87.40947374811883,96.88,78.65,120.97,78.65,78.65,96.88,78.65,120.97,93.90201229456507,92.9010080011522,447.2255,6,4,28.299999999999997,8
P009,Sunday,high,3,1,gasoline,1,15,0,2,København N,,,,,,,,,København Ø,07:40,København Ø,,,,,,,,,14:00,København N,cycling,4.5,62.5,5.8,18,5.3,36.900000000000006,8.0,41.4,48,5.3,24.6,"['cycling', 'transit', 'driving', 'driving_reschedule']",0.0,0,0.0,0,0.2768,0,1.0494,2.0,1.8679320000000001,2.0,0.0,0.0,2.0,5.0,4.0,2.0,1.0,5,1.0,57.19500000000001,21.458640000000003,78.65,9.780000000000001,21.458640000000003,78.65,55.800000000000004,0.0,74.7175,72.97,48,120.97,96.875,0.0,96.88,74.7175,0.39720279720279716,0.7094723458359821,5,sun,,sun,heat,rain,closure,crowded,overshoot,,,rain,,,,,construction,,congestion,,fuel,79.2236721096384,65.24860302888749,120.97,78.65,78.65,96.88,74.7175,120.97,78.65,78.65,83.99934523053466,63.300904797336216,120.97,78.65,78.65,108.0755821596102,85.50765229633674,129.55336935052858,78.65,78.65,112.93690894775787,86.35020399231819,125.94544574314487,78.65,78.65,96.88,74.7175,127.20952551178361,91.76597964938397,93.675850940816,96.88,74.7175,135.05595863485433,78.65,78.65,96.88,74.7175,120.97,89.10983775979027,91.90835844940808,96.88,74.7175,120.97,78.65,78.65,96.88,74.7175,120.97,78.65,78.65,108.77172298582235,87.18192497508737,129.14645109309583,78.65,78.65,96.88,74.7175,120.97,78.65,78.65,96.88,74.7175,120.97,78.65,78.65,96.88,74.7175,120.97,78.65,78.65,96.88,74.7175,120.97,78.65,78.65,96.88,74.7175,120.97,90.6712969554573,91.76807624655659,96.88,74.7175,120.97,78.65,78.65,96.88,74.7175,120.97,92.2861956677441,90.74296459405058,96.88,74.7175,120.97,78.65,78.65,96.88,74.7175,120.97,94.15735236805558,89.38222242544987,447.2255,6,4,28.299999999999997,8
P010,Monday,low,1,1,diesel,1,4,0,2,Vedbæk,,,,,,,,,Kongens Lyngby,07:40,Kongens Lyngby,Holte,escorting,,,,,,,14:00,Vedbæk,driving,14.0,191.1,15.0,51,17.9,51.974999999999994,18.1,87.9,48,17.9,34.65,"['transit', 'driving', 'driving_reschedule']",0.0,0,0.0,0,0.62626,0,3.05195,4.0,5.4324710000000005,6.0,5.4324710000000005,6.0,6.0,,5.0,3.0,1.0,10,1.5,120.84187499999999,58.81223999999999,179.65,30.51125,58.81223999999999,206.5975,237.14999999999998,0.0,237.587125,224.2775,48,272.28,444.3075,0.0,444.31,179.65,0.4971889785694405,1.0,1,sun,,sun,heat,rain,closure,crowded,overshoot,,,rain,,,,,construction,,congestion,,fuel,359.1535394761315,206.4970994056152,272.28,179.65,179.65,444.31,237.587125,272.28,179.65,179.65,362.119381578473,191.71365392066681,272.28,179.65,179.65,513.4206935009606,270.9205285722823,277.01523664157867,179.65,179.65,496.3166428582409,264.24373106980613,280.85375557855934,179.65,179.65,444.31,237.587125,281.6833301641359,199.52957394701318,212.58225461746667,444.31,237.587125,303.13683469009305,179.65,179.65,444.31,237.587125,272.28,209.66104076656995,206.69164457969484,444.31,237.587125,272.28,179.65,179.65,444.31,237.587125,272.28,179.65,179.65,508.84244247168374,281.3555780337136,288.0178031607886,179.65,179.65,444.31,237.587125,272.28,179.65,179.65,444.31,237.587125,272.28,179.65,179.65,444.31,237.587125,272.28,179.65,179.65,444.31,237.587125,272.28,179.65,179.65,444.31,237.587125,272.28,214.6747157808848,203.4352294628792,444.31,237.587125,272.28,179.65,179.65,444.31,237.587125,272.28,209.29720608652042,213.62320896851966,444.31,237.587125,272.28,179.65,179.65,444.31,237.587125,272.28,215.16707694742982,208.06449028985875,786.886,17,13,82.2,14
P010,Tuesday,low,1,1,diesel,1,4,0,2,Vedbæk,,,,,,,,,Kongens Lyngby,07:50,Kongens Lyngby,,,,,,,,,18:30,Vedbæk,cycling,13.5,185.3,14.6,48,15.3,38.025000000000006,21.4,99.8,48,15.3,25.35,"['transit', 'driving', 'driving_reschedule']",0.0,0,0.0,0,0.7404399999999999,0,2.6086500000000004,3.0,4.643397000000001,5.0,0.0,0.0,5.0,,5.0,3.0,1.0,10,1.5,88.40812500000001,50.269679999999994,138.68,25.388750000000005,50.269679999999994,159.482,223.20000000000002,0.0,117.878,255.575,48,303.58,430.82250000000005,0.0,430.82,117.878,0.5455725411018171,1.6094606287856936,2,sun,cake,sun,heat,rain,closure,crowded,overshoot,,,rain,exercise,,,,construction,,congestion,,fuel,361.24694063128976,102.41796317101083,303.58,138.68,138.68,504.6169428966636,134.0162523352055,350.08109674084625,138.68,138.68,371.4445267627647,101.07605289796484,303.58,138.68,138.68,481.46046987090415,137.39484779118936,317.6537826071289,138.68,138.68,485.3373909088556,131.7667692836574,314.29356137987145,138.68,138.68,430.82,117.878,322.50001717056443,159.0184127355687,155.1236501252527,430.82,117.878,357.1345696994575,138.68,138.68,430.82,117.878,303.58,163.44581045087466,162.2025991714219,430.82,117.878,303.58,138.68,138.68,430.82,117.878,303.58,138.68,138.68,479.0456584521928,132.27565576394508,331.8062534564525,138.68,138.68,430.82,95.92834805510138,303.58,138.68,138.68,430.82,117.878,303.58,138.68,138.68,430.82,117.878,303.58,138.68,138.68,430.82,117.878,303.58,138.68,138.68,430.82,117.878,303.58,157.4764729236817,154.77757943486105,430.82,117.878,303.58,138.68,138.68,430.82,117.878,303.58,154.84938965117541,160.45768665917802,430.82,117.878,303.58,138.68,138.68,430.82,117.878,303.58,154.0302457336817,155.15727744781844,786.886,17,13,82.2,14
P010,Wednesday,low,1,1,diesel,1,4,0,2,Vedbæk,,,,,,,,,Kongens Lyngby,07:50,Kongens Lyngby,Vedbæk,shopping,,,,,,,13:15,Vedbæk,driving,13.6,186.6,14.6,48,15.8,42.974999999999994,15.5,97.7,48,15.8,28.65,"['transit', 'driving', 'driving_reschedule']",0.0,0,0.0,0,0.5363,0,2.6939,3.0,4.795142,5.0,4.795142,5.0,5.0,,5.0,3.0,1.0,10,1.5,99.916875,51.912479999999995,151.83,33.06125,51.912479999999995,174.6045,223.20000000000002,0.0,223.2,244.20250000000001,48,292.2,433.845,0.0,433.84,151.83,0.5596390700125139,1.0,3,sun,,sun,heat,rain,closure,crowded,overshoot,,,rain,,,,,construction,,congestion,,fuel,360.20288015058605,183.66825148878823,292.2,151.83,151.83,433.84,223.2,292.2,151.83,151.83,356.0268657609541,187.77916855788817,292.2,151.83,151.83,485.2455647340408,255.98672998375773,315.0624466169561,151.83,151.83,516.6991905977036,259.8322766033552,301.30380424919224,151.83,151.83,433.84,223.2,298.2271535706118,172.0099831774787,172.9653480669175,433.84,223.2,333.26052066712464,151.83,151.83,433.84,223.2,292.2,171.10584203070155,170.85479717183938,433.84,223.2,292.2,151.83,151.83,433.84,223.2,292.2,151.83,151.83,500.8811736209816,256.05115923253953,309.4228123343097,151.83,151.83,433.84,223.2,292.2,151.83,151.83,433.84,223.2,292.2,151.83,151.83,433.84,223.2,292.2,151.83,151.83,433.84,223.2,292.2,151.83,151.83,433.84,223.2,292.2,170.07094212625606,168.76134796975694,433.84,223.2,292.2,151.83,151.83,433.84,223.2,292.2,181.87942315377498,181.84520964450664,433.84,223.2,292.2,151.83,151.83,433.84,223.2,292.2,172.92744165108448,170.84416049479208,786.886,17,13,82.2,14
P010,Thursday,low,1,1,diesel,1,4,0,2,Vedbæk,,,,,,,,,Kongens Lyngby,07:50,Kongens Lyngby,,,,,,,,,17:15,Vedbæk,cycling,13.5,185.3,14.6,48,15.3,38.025000000000006,21.4,99.8,48,15.3,25.35,"['transit', 'driving', 'driving_reschedule']",0.0,0,0.0,0,0.7404399999999999,0,2.6086500000000004,3.0,4.643397000000001,5.0,0.0,0.0,5.0,,5.0,3.0,1.0,10,1.5,88.40812500000001,50.269679999999994,138.68,25.388750000000005,50.269679999999994,159.482,223.20000000000002,0.0,117.878,255.575,48,303.58,430.82250000000005,0.0,430.82,117.878,0.5455725411018171,1.6094606287856936,4,sun,,sun,heat,rain,closure,crowded,overshoot,,,rain,,,,,construction,,congestion,exercise,fuel,348.5702099040193,103.19511364888373,303.58,138.68,138.68,430.82,117.878,303.58,138.68,138.68,356.92170527707646,102.24152380597369,303.58,138.68,138.68,490.8504026342485,140.59078062470917,325.71498876061395,138.68,138.68,506.44520827463987,140.48205693802532,315.35597541933015,138.68,138.68,430.82,117.878,330.5623415308591,155.95774443932322,157.6441637177405,430.82,117.878,338.2823746426351,138.68,138.68,430.82,117.878,303.58,166.17817602324135,164.43264329864604,430.82,117.878,303.58,138.68,138.68,430.82,117.878,303.58,138.68,138.68,494.26773863181,133.13171203834585,316.87141815290244,138.68,138.68,430.82,117.878,303.58,138.68,138.68,430.82,117.878,303.58,138.68,138.68,430.82,117.878,303.58,138.68,138.68,430.82,117.878,303.58,138.68,138.68,430.82,117.878,303.58,161.30193726361662,163.83839713834473,430.82,117.878,303.58,138.68,138.68,430.82,117.878,303.58,156.11714520644497,161.50449738952312,430.82,97.67661391728511,303.58,138.68,138.68,430.82,117.878,303.58,159.9462567880895,163.21977919612036,786.886,17,13,82.2,14
P010,Friday,low,1,1,diesel,1,4,0,2,Vedbæk,,,,,,,,,Kongens Lyngby,07:50,Kongens Lyngby,Holte,escorting,,,,,,,17:45,Vedbæk,driving,14.0,191.1,15.0,51,17.9,51.974999999999994,18.1,87.9,48,17.9,34.65,"['transit', 'driving', 'driving_reschedule']",0.0,0,0.0,0,0.62626,0,3.05195,4.0,5.4324710000000005,6.0,5.4324710000000005,6.0,6.0,,5.0,3.0,1.0,10,1.5,120.84187499999999,58.81223999999999,179.65,30.51125,58.81223999999999,206.5975,237.14999999999998,0.0,237.587125,224.2775,48,272.28,444.3075,0.0,444.31,179.65,0.4971889785694405,1.0,5,sun,,sun,heat,rain,closure,crowded,overshoot,,,rain,,,,,construction,,congestion,,fuel,380.38074628393457,203.82539052118042,272.28,179.65,179.65,444.31,237.587125,272.28,179.65,179.65,389.80902485301425,197.9978439882137,272.28,179.65,179.65,523.3153404461976,265.99995490446037,296.270918801654,179.65,179.65,507.91619916707396,270.72693411613176,292.0429317468469,179.65,179.65,444.31,237.587125,280.9933996987029,204.180960976717,215.14665726142493,444.31,237.587125,308.62611072138554,179.65,179.65,444.31,237.587125,272.28,211.13197954322615,210.89190598971774,444.31,237.587125,272.28,179.65,179.65,444.31,237.587125,272.28,179.65,179.65,506.36827267091496,269.74836717858534,280.00978875531695,179.65,179.65,444.31,237.587125,272.28,179.65,179.65,444.31,237.587125,272.28,179.65,179.65,444.31,237.587125,272.28,179.65,179.65,444.31,237.587125,272.28,179.65,179.65,444.31,237.587125,272.28,205.43375830421593,205.0070852025383,444.31,237.587125,272.28,179.65,179.65,444.31,237.587125,272.28,211.65648501545178,210.90948697787564,444.31,237.587125,272.28,179.65,179.65,444.31,237.587125,272.28,212.51276069541086,205.28333458533606,786.886,17,13,82.2,14
